Date,Strategy
2015-01-02,10000.0
2015-01-05,9869.487422786491
2015-01-06,9843.630096402927
2015-01-07,9842.541636595834
2015-01-08,9867.579590147125
2015-01-09,9928.630777504924
2015-01-12,9932.41825459177
2015-01-13,9941.468340893245
2015-01-14,9922.695863647874
2015-01-15,10062.90527836911
2015-01-16,10162.018110071489
2015-01-20,10278.633021889867
2015-01-21,10280.504677450783
2015-01-22,10373.689425941737
2015-01-23,10385.831598212913
2015-01-26,10407.216846087957
2015-01-27,10358.011235747288
2015-01-28,10323.469626897171
2015-01-29,10431.504096787807
2015-01-30,10539.875014698297
2015-02-02,10607.874728482406
2015-02-03,10553.77588050861
2015-02-04,10587.128354890707
2015-02-05,10672.853020379445
2015-02-06,10398.862202013821
2015-02-09,10336.384374438465
2015-02-10,10401.605211264898
2015-02-11,10412.371874853152
2015-02-12,10444.996312518133
2015-02-13,10430.96562707574
2015-02-17,10400.969435407005
2015-02-18,10423.386198760238
2015-02-19,10405.728623839494
2015-02-20,10475.963347577212
2015-02-23,10532.470261665301
2015-02-24,10591.344275531192
2015-02-25,10617.53848885613
2015-02-26,10568.364716241385
2015-02-27,10575.985459663976
2015-03-02,10568.11245989803
2015-03-03,10511.637925069452
2015-03-04,10514.121639485675
2015-03-05,10528.485954210177
2015-03-06,10337.608727225643
2015-03-09,10410.164237448324
2015-03-10,10366.356441348584
2015-03-11,10385.24211651534
2015-03-12,10490.675049615336
2015-03-13,10403.26299602654
2015-03-16,10557.925060594973
2015-03-17,10549.632339547255
2015-03-18,10696.54870020304
2015-03-19,10686.165343334755
2015-03-20,10769.36827143476
2015-03-23,10745.20100947846
2015-03-24,10730.013397323315
2015-03-25,10579.582122950329
2015-03-26,10498.923995625584
2015-03-27,10545.582352042158
2015-03-30,10664.868638611355
2015-03-31,10634.633911073528
2015-04-01,10645.506675871253
2015-04-02,10654.150239374005
2015-04-06,10763.869314924159
2015-04-07,10685.921391200922
2015-04-08,10678.899446707115
2015-04-09,10651.90428491235
2015-04-10,10710.892908301597
2015-04-13,10644.288942462981
2015-04-14,10676.274755327795
2015-04-15,10717.604817388163
2015-04-16,10665.791236919022
2015-04-17,10634.128480366275
2015-04-20,10765.526844927614
2015-04-21,10697.44854403034
2015-04-22,10654.926368892588
2015-04-23,10696.070680222198
2015-04-24,10731.208427047166
2015-04-27,10641.370405996278
2015-04-28,10607.80126582955
2015-04-29,10512.254544003552
2015-04-30,10436.612159131393
2015-05-01,10472.357489974493
2015-05-04,10474.037910156276
2015-05-05,10390.766975704388
2015-05-06,10300.91797675642
2015-05-07,10384.15395532078
2015-05-08,10479.952969861779
2015-05-11,10378.634258476955
2015-05-12,10357.251535337233
2015-05-13,10321.113668227195
2015-05-14,10402.368709176006
2015-05-15,10495.079940759435
2015-05-18,10466.543858135909
2015-05-19,10454.779183793256
2015-05-20,10461.04873278087
2015-05-21,10519.518479709113
2015-05-22,10508.341379878442
2015-05-26,10508.15260751894
2015-05-27,10586.245228987402
2015-05-28,10574.80422502179
2015-05-29,10551.013414565152
2015-06-01,10532.168780117652
2015-06-02,10459.594976413484
2015-06-03,10427.525274210238
2015-06-04,10427.007161208328
2015-06-05,10377.482935592907
2015-06-08,10335.473947520086
2015-06-09,10305.95002327554
2015-06-10,10380.702564301422
2015-06-11,10451.159415739707
2015-06-12,10390.98251576416
2015-06-15,10387.113150269108
2015-06-16,10442.836444100456
2015-06-17,10490.03141404159
2015-06-18,10600.389506300684
2015-06-19,10511.92771270997
2015-06-22,10489.887953150774
2015-06-23,10404.101115317102
2015-06-24,10377.037486447456
2015-06-25,10376.48748905778
2015-06-26,10391.020216722965
2015-06-29,10301.017675435833
2015-06-30,10286.59230761808
2015-07-01,10343.971702696044
2015-07-02,10420.642603823097
2015-07-06,10444.01041512029
2015-07-07,10610.577227421665
2015-07-08,10523.310284903335
2015-07-09,10440.835133216115
2015-07-10,10482.540337900344
2015-07-13,10494.351749816038
2015-07-14,10500.619254279442
2015-07-15,10545.324929314245
2015-07-16,10681.039313557705
2015-07-17,10650.627535394126
2015-07-20,10649.29222775544
2015-07-21,10644.072125906561
2015-07-22,10690.176700109187
2015-07-23,10703.010368559973
2015-07-24,10605.800054155721
2015-07-27,10602.198436238901
2015-07-28,10657.644648013453
2015-07-29,10706.496259013447
2015-07-30,10763.038822979319
2015-07-31,10816.73550200434
2015-08-03,10846.615277823134
2015-08-04,10818.67563245246
2015-08-05,10808.82917313275
2015-08-06,10822.994693045091
2015-08-07,10866.813693859058
2015-08-10,10884.246326616189
2015-08-11,10881.925480853191
2015-08-12,10848.682188813003
2015-08-13,10843.481257574616
2015-08-14,10872.978739666929
2015-08-17,10924.173661029345
2015-08-18,10887.298484703448
2015-08-19,10895.522809637161
2015-08-20,10768.011362681604
2015-08-21,10562.06082518577
2015-08-24,10401.373985704253
2015-08-25,10283.736623588988
2015-08-26,10320.994179069437
2015-08-27,10390.842103577685
2015-08-28,10451.684128011695
2015-08-31,10424.85924197671
2015-09-01,10361.013196808382
2015-09-02,10386.608158488352
2015-09-03,10354.621038828553
2015-09-04,10290.537042121905
2015-09-08,10362.962030008788
2015-09-09,10239.017364586656
2015-09-10,10270.692209752464
2015-09-11,10280.149331108123
2015-09-14,10275.997914769945
2015-09-15,10282.454462060465
2015-09-16,10384.60347862151
2015-09-17,10445.062838285097
2015-09-18,10462.878533549809
2015-09-21,10439.497399275608
2015-09-22,10359.183829256639
2015-09-23,10390.787341649115
2015-09-24,10530.384831217494
2015-09-25,10487.820964513947
2015-09-28,10354.860146542984
2015-09-29,10322.523564781057
2015-09-30,10307.116443959276
2015-10-01,10303.960124410172
2015-10-02,10486.852191235339
2015-10-05,10525.149750586343
2015-10-06,10587.28948653679
2015-10-07,10637.061244279705
2015-10-08,10694.952878203974
2015-10-09,10719.24863882776
2015-10-12,10768.568821009898
2015-10-13,10708.013552731541
2015-10-14,10705.757101075786
2015-10-15,10820.49824588547
2015-10-16,10872.51163908726
2015-10-19,10884.571444996856
2015-10-20,10803.327762019822
2015-10-21,10791.460797747879
2015-10-22,10821.290600644405
2015-10-23,10891.25436405498
2015-10-26,10940.023442812842
2015-10-27,11006.014345429012
2015-10-28,11063.004750512468
2015-10-29,11021.560145518419
2015-10-30,11015.055708452546
2015-11-02,11104.910697277619
2015-11-03,11067.055185466572
2015-11-04,11039.025291245769
2015-11-05,11025.778602106246
2015-11-06,10958.22632357683
2015-11-09,10868.580661144151
2015-11-10,10927.823418587106
2015-11-11,10867.42318295306
2015-11-12,10783.443398149415
2015-11-13,10737.664267540204
2015-11-16,10820.768206836317
2015-11-17,10779.762191654347
2015-11-18,10914.84618330518
2015-11-19,10880.853008797254
2015-11-20,10925.853692639394
2015-11-23,10930.758204006921
2015-11-24,10936.325733356642
2015-11-25,10976.284139360874
2015-11-27,10976.570068541097
2015-11-30,10920.622186394
2015-12-01,11070.798178165067
2015-12-02,11008.00984523668
2015-12-03,10768.83648630079
2015-12-04,10959.273256133116
2015-12-07,10958.636981075444
2015-12-08,10949.98006809362
2015-12-09,10869.680013155968
2015-12-10,10910.63529528831
2015-12-11,10768.658572522965
2015-12-14,10751.193573635523
2015-12-15,10746.651546433535
2015-12-16,10877.053408752623
2015-12-17,10691.638526582761
2015-12-18,10598.926246069024
2015-12-21,10629.254402488188
2015-12-22,10620.759018173265
2015-12-23,10750.448206818339
2015-12-24,10747.745423591236
2015-12-28,10756.390757646823
2015-12-29,10823.1016821833
2015-12-30,10787.034516136966
2015-12-31,10738.758549229029
2016-01-04,10677.903879409989
2016-01-05,10719.726609495872
2016-01-06,10793.672082619201
2016-01-07,10808.8658645641
2016-01-08,10756.640921207994
2016-01-11,10713.83398851849
2016-01-12,10724.775533802363
2016-01-13,10684.603818970409
2016-01-14,10617.923929626973
2016-01-15,10618.485093248171
2016-01-19,10625.757234992734
2016-01-20,10688.569189502432
2016-01-21,10706.980590687783
2016-01-22,10753.484488231488
2016-01-25,10788.563755210316
2016-01-26,10896.790078951268
2016-01-27,10875.182677722181
2016-01-28,10845.78555205729
2016-01-29,10971.89668244248
2016-02-01,11049.914272561822
2016-02-02,11012.59831101127
2016-02-03,11073.481799462439
2016-02-04,11151.131296867321
2016-02-05,11194.765371147352
2016-02-08,11268.289378031102
2016-02-09,11252.520631423755
2016-02-10,11314.776893375265
2016-02-11,11580.777385323536
2016-02-12,11576.39268642546
2016-02-16,11405.84775944586
2016-02-17,11503.479478839574
2016-02-18,11670.162074014801
2016-02-19,11631.610650735713
2016-02-22,11543.80447760889
2016-02-23,11615.19082700198
2016-02-24,11671.486641177515
2016-02-25,11737.787502371171
2016-02-26,11716.063986151046
2016-02-29,11671.536755736954
2016-03-01,11788.292130195272
2016-03-02,11918.762426660474
2016-03-03,11942.865888233398
2016-03-04,11909.858437353842
2016-03-07,11932.905916450625
2016-03-08,11894.67338776832
2016-03-09,11884.47597111071
2016-03-10,11873.557902011937
2016-03-11,11973.563009261807
2016-03-14,11973.352547909095
2016-03-15,11910.81177891607
2016-03-16,11930.037495027484
2016-03-17,11916.9837165443
2016-03-18,11987.899042012086
2016-03-21,11980.266353180392
2016-03-22,12013.724142854458
2016-03-23,12009.275093250124
2016-03-24,12005.244217245787
2016-03-28,12011.374889426323
2016-03-29,12132.420324066576
2016-03-30,12107.988561269862
2016-03-31,12119.78222508343
2016-04-01,12200.820889139395
2016-04-04,12232.935607221367
2016-04-05,12188.013049354282
2016-04-06,12300.995476597927
2016-04-07,12260.129814894903
2016-04-08,12222.925231131894
2016-04-11,12178.946454667352
2016-04-12,12215.758162552627
2016-04-13,12325.050279860505
2016-04-14,12308.15333685352
2016-04-15,12345.718842185403
2016-04-18,12396.6003915243
2016-04-19,12400.71639288329
2016-04-20,12383.144390312222
2016-04-21,12361.457642637197
2016-04-22,12365.007352035225
2016-04-25,12330.410311277908
2016-04-26,12305.459861043062
2016-04-27,12346.13124679414
2016-04-28,12291.418154108642
2016-04-29,12307.029540575066
2016-05-02,12387.715512278346
2016-05-03,12348.399959881957
2016-05-04,12416.383464500266
2016-05-05,12394.583364464135
2016-05-06,12368.526826238598
2016-05-09,12406.710521071862
2016-05-10,12471.169057591751
2016-05-11,12469.901614017917
2016-05-12,12502.816003987198
2016-05-13,12446.695025107027
2016-05-16,12496.113778391393
2016-05-17,12337.86580170103
2016-05-18,12210.834631509779
2016-05-19,12261.343497591239
2016-05-20,12319.499236949092
2016-05-23,12251.628831442646
2016-05-24,12388.291676743978
2016-05-25,12398.316845324682
2016-05-26,12421.197028051101
2016-05-27,12452.735878183676
2016-05-31,12468.739289694908
2016-06-01,12505.601406840124
2016-06-02,12609.046856931425
2016-06-03,12630.931371678074
2016-06-06,12634.933490625946
2016-06-07,12619.089646220395
2016-06-08,12664.304805356114
2016-06-09,12674.58980207897
2016-06-10,12622.612309561358
2016-06-13,12584.212973311442
2016-06-14,12567.916237074907
2016-06-15,12573.242944734291
2016-06-16,12576.05819697924
2016-06-17,12584.76486001414
2016-06-20,12590.085933988645
2016-06-21,12629.865605456998
2016-06-22,12645.338381637377
2016-06-23,12699.87611434609
2016-06-24,12572.231958151575
2016-06-27,12550.714667142558
2016-06-28,12530.021205182422
2016-06-29,12609.807433732876
2016-06-30,12828.961847291324
2016-07-01,12844.008312619775
2016-07-05,12862.795874616551
2016-07-06,12944.66771530145
2016-07-07,12946.750690773792
2016-07-08,13102.719852878123
2016-07-11,13069.36494091283
2016-07-12,13038.347201255569
2016-07-13,13082.270370944723
2016-07-14,13055.102275470137
2016-07-15,12999.921418325805
2016-07-18,13010.108657787283
2016-07-19,13022.238214684241
2016-07-20,13050.483071115239
2016-07-21,13060.372337122857
2016-07-22,13096.501537503824
2016-07-25,13088.140480241804
2016-07-26,13084.936848955917
2016-07-27,13154.12241149661
2016-07-28,13148.535468657763
2016-07-29,13198.885088948478
2016-08-01,13178.713499655121
2016-08-02,13067.593487359698
2016-08-03,13074.531899483516
2016-08-04,13099.732402867283
2016-08-05,13108.026069373946
2016-08-08,13071.16288105934
2016-08-09,13123.39078341754
2016-08-10,13121.803222278195
2016-08-11,13132.622639735971
2016-08-12,13156.127141310899
2016-08-15,13131.666613398671
2016-08-16,13059.132733427035
2016-08-17,13096.896004814833
2016-08-18,13105.860500236513
2016-08-19,13077.23760074965
2016-08-22,13124.08907401428
2016-08-23,13145.789965612896
2016-08-24,13048.937380592606
2016-08-25,12986.605877888109
2016-08-26,12970.144759128092
2016-08-29,13061.921294831569
2016-08-30,13023.629337339133
2016-08-31,13011.111875851855
2016-09-01,13004.021328919893
2016-09-02,12983.900834935874
2016-09-06,13037.836205532722
2016-09-07,13034.083931334775
2016-09-08,12958.498353276493
2016-09-09,12704.141813930648
2016-09-12,12822.911674767714
2016-09-13,12658.275179176899
2016-09-14,12662.639659027533
2016-09-15,12768.455108793774
2016-09-16,12792.2787689042
2016-09-19,12766.81983697455
2016-09-20,12799.183222271808
2016-09-21,12914.104805996101
2016-09-22,13006.82881825865
2016-09-23,12974.893096420185
2016-09-26,12906.237974266798
2016-09-27,13004.567995679072
2016-09-28,13000.19673932224
2016-09-29,12899.400482226843
2016-09-30,12940.500309930094
2016-10-03,12912.71846769237
2016-10-04,12842.752891379441
2016-10-05,12866.492366811655
2016-10-06,12827.593514788305
2016-10-07,12815.07713416369
2016-10-10,12819.64624723883
2016-10-11,12654.732852701967
2016-10-12,12648.667494550391
2016-10-13,12649.571294110963
2016-10-14,12558.92232670933
2016-10-17,12593.220650487976
2016-10-18,12686.254432039295
2016-10-19,12691.521461091175
2016-10-20,12712.485074875389
2016-10-21,12698.766333701526
2016-10-24,12691.536862270419
2016-10-25,12664.876783874637
2016-10-26,12604.227834144944
2016-10-27,12559.293548925847
2016-10-28,12444.004031125
2016-10-31,12445.472761989615
2016-11-01,12399.530848869636
2016-11-02,12373.841197470205
2016-11-03,12371.76690004315
2016-11-04,12369.505218702107
2016-11-07,12303.822978749582
2016-11-08,12286.628771737236
2016-11-09,12040.776781657978
2016-11-10,12064.823818749226
2016-11-11,12036.454511641028
2016-11-14,12020.175497194268
2016-11-15,12175.679286227432
2016-11-16,12137.045825321009
2016-11-17,12157.973583276784
2016-11-18,12130.833457644841
2016-11-21,12177.418556800225
2016-11-22,12139.56973166977
2016-11-23,12146.629139205883
2016-11-25,12179.379589844988
2016-11-28,12151.551032555055
2016-11-29,12206.777539926381
2016-11-30,12086.573774230777
2016-12-01,12025.645181453801
2016-12-02,12046.888055539857
2016-12-05,12094.024308374987
2016-12-06,12097.68823954052
2016-12-07,12268.066209725417
2016-12-08,12288.369816852362
2016-12-09,12298.439217347192
2016-12-12,12301.267254906723
2016-12-13,12376.057476977674
2016-12-14,12280.514313068052
2016-12-15,12336.755868901091
2016-12-16,12311.878281678759
2016-12-19,12348.427285061196
2016-12-20,12353.396657798015
2016-12-21,12343.460597065357
2016-12-22,12316.138816086786
2016-12-23,12356.04560224086
2016-12-27,12360.7430354035
2016-12-28,12330.849813324012
2016-12-29,12345.319367650929
2016-12-30,12318.70339100588
2017-01-03,12420.680883566702
2017-01-04,12509.913812971601
2017-01-05,12590.745706952757
2017-01-06,12577.96261405276
2017-01-09,12620.807979620537
2017-01-10,12642.909579560419
2017-01-11,12626.119037987928
2017-01-12,12608.746349775263
2017-01-13,12606.219902569073
2017-01-17,12610.342798930951
2017-01-18,12553.281025309458
2017-01-19,12482.283822971891
2017-01-20,12474.721705888796
2017-01-23,12494.473854503356
2017-01-24,12466.45484842157
2017-01-25,12485.082199574761
2017-01-26,12470.690821387969
2017-01-27,12512.16051266861
2017-01-30,12464.116278765941
2017-01-31,12556.688239986346
2017-02-01,12563.327694875794
2017-02-02,12556.194901298197
2017-02-03,12595.263744504602
2017-02-06,12615.409649547739
2017-02-07,12650.116572176103
2017-02-08,12711.602257264585
2017-02-09,12705.172800028799
2017-02-10,12729.252207002053
2017-02-13,12759.404717772746
2017-02-14,12787.14191023799
2017-02-15,12837.480185941764
2017-02-16,12843.812249716386
2017-02-17,12885.959638886445
2017-02-21,12919.649246142495
2017-02-22,12921.396749561702
2017-02-23,12954.727426525247
2017-02-24,13032.13564443882
2017-02-27,13034.749751644806
2017-02-28,13025.916164565248
2017-03-01,13054.14747279179
2017-03-02,12998.856674508597
2017-03-03,13030.930764007435
2017-03-06,12974.26738978896
2017-03-07,12917.009332544856
2017-03-08,12918.21584425482
2017-03-09,12908.260532557335
2017-03-10,12946.934210871761
2017-03-13,12922.896720945115
2017-03-14,12922.548685076044
2017-03-15,13050.80629514773
2017-03-16,12982.75091575445
2017-03-17,12978.998421191594
2017-03-20,12977.672319398313
2017-03-21,12919.137022615214
2017-03-22,12939.954143769763
2017-03-23,12925.51432678143
2017-03-24,12947.957911805004
2017-03-27,12975.62850879989
2017-03-28,12981.636232124238
2017-03-29,13016.819164037748
2017-03-30,13000.05987273274
2017-03-31,12990.612980274085
2017-04-03,13029.4736292601
2017-04-04,12998.04252199458
2017-04-05,12983.559170779023
2017-04-06,12998.763417636783
2017-04-07,12977.258997884477
2017-04-10,12995.85586392726
2017-04-11,13028.303150206424
2017-04-12,13035.330885663881
2017-04-13,13005.938749507432
2017-04-17,13086.912290164044
2017-04-18,13102.029295409737
2017-04-19,13088.021788185595
2017-04-20,13104.655028732586
2017-04-21,13124.392197279241
2017-04-24,13191.58071413141
2017-04-25,13184.226990325938
2017-04-26,13243.643041490634
2017-04-27,13259.114382671607
2017-04-28,13261.79796373728
2017-05-01,13242.63179221283
2017-05-02,13280.604420072244
2017-05-03,13256.435899010648
2017-05-04,13264.447728375435
2017-05-05,13280.101877156523
2017-05-08,13228.328236343272
2017-05-09,13241.09478197856
2017-05-10,13218.596343700823
2017-05-11,13201.064834575513
2017-05-12,13220.029222952691
2017-05-15,13249.022549612186
2017-05-16,13243.813105482586
2017-05-17,13174.249426429746
2017-05-18,13218.611860018165
2017-05-19,13270.87223504177
2017-05-22,13287.78529049183
2017-05-23,13272.773425132305
2017-05-24,13320.401046981893
2017-05-25,13369.056914664332
2017-05-26,13375.293873175153
2017-05-30,13386.43531385107
2017-05-31,13414.379597499208
2017-06-01,13506.01958854877
2017-06-02,13600.002533104036
2017-06-05,13551.588162852382
2017-06-06,13540.21567788751
2017-06-07,13543.419803383116
2017-06-08,13514.127090778502
2017-06-09,13548.82266226675
2017-06-12,13541.810398295069
2017-06-13,13574.458042283275
2017-06-14,13673.634633883377
2017-06-15,13646.790647126109
2017-06-16,13661.334762040622
2017-06-19,13737.47478301467
2017-06-20,13713.355386171077
2017-06-21,13778.288438262669
2017-06-22,13825.917164443781
2017-06-23,13809.987258534382
2017-06-26,13838.833022647501
2017-06-27,13723.88447499137
2017-06-28,13777.316665006985
2017-06-29,13659.802995951339
2017-06-30,13653.944285453159
2017-07-03,13617.93439726064
2017-07-05,13607.034466159794
2017-07-06,13556.941695597978
2017-07-07,13600.08412466171
2017-07-10,13615.077009788309
2017-07-11,13606.123203475798
2017-07-12,13725.035541930347
2017-07-13,13704.366083822355
2017-07-14,13749.01925517046
2017-07-17,13747.089053184496
2017-07-18,13802.471988738755
2017-07-19,13857.908691401897
2017-07-20,13899.542895115557
2017-07-21,13916.945536692265
2017-07-24,13891.821803257435
2017-07-25,13823.384300228385
2017-07-26,13807.088123897816
2017-07-27,13760.248890400004
2017-07-28,13795.109778244785
2017-07-31,13803.957932698417
2017-08-01,13840.241764534496
2017-08-02,13828.36913814266
2017-08-03,13877.354365441724
2017-08-04,13832.021600265278
2017-08-07,13853.754342061302
2017-08-08,13810.120432474285
2017-08-09,13829.103891429844
2017-08-10,13749.990574928734
2017-08-11,13773.646508836046
2017-08-14,13818.185809655843
2017-08-15,13778.448777329904
2017-08-16,13821.112230638726
2017-08-17,13733.04283307914
2017-08-18,13697.879958706815
2017-08-21,13733.651972163303
2017-08-22,13814.793503351515
2017-08-23,13785.99588153167
2017-08-24,13774.35499538779
2017-08-25,13804.978566944768
2017-08-28,13821.587359957857
2017-08-29,13842.64195140469
2017-08-30,13889.055148989602
2017-08-31,14001.687596805623
2017-09-01,13974.591058940292
2017-09-05,13995.483530995807
2017-09-06,14007.24123996774
2017-09-07,14074.483812091983
2017-09-08,14088.008825804729
2017-09-11,14104.694309641445
2017-09-12,14113.835678737181
2017-09-13,14093.667036184072
2017-09-14,14106.41277958907
2017-09-15,14090.594150542935
2017-09-18,14066.631252404544
2017-09-19,14021.624680299206
2017-09-20,14043.170520034011
2017-09-21,14011.588279234213
2017-09-22,14027.62376694453
2017-09-25,14038.63838576465
2017-09-26,14022.037227104169
2017-09-27,13941.27297194326
2017-09-28,13930.18851339687
2017-09-29,13985.937357222803
2017-10-02,14042.803065104497
2017-10-03,14061.141270652091
2017-10-04,14093.78906959382
2017-10-05,14106.10675778967
2017-10-06,14087.628610142576
2017-10-09,14059.498229472756
2017-10-10,14084.928933100964
2017-10-11,14104.40806654285
2017-10-12,14097.04390560821
2017-10-13,14132.416493986904
2017-10-16,14118.104452532603
2017-10-17,14186.933396683586
2017-10-18,14160.773796852643
2017-10-19,14201.336816928671
2017-10-20,14174.619456781074
2017-10-23,14152.570807464657
2017-10-24,14102.173981764852
2017-10-25,14052.054149988062
2017-10-26,14000.926677285688
2017-10-27,14071.441351190468
2017-10-30,14047.978242697562
2017-10-31,14039.085107105113
2017-11-01,14076.48203648574
2017-11-02,14069.832245198446
2017-11-03,14130.736515511566
2017-11-06,14148.18582447271
2017-11-07,14152.487677510664
2017-11-08,14152.207564903538
2017-11-09,14135.659624652153
2017-11-10,14032.884891826956
2017-11-13,14059.45309937283
2017-11-14,14075.37678775875
2017-11-15,14104.516543994938
2017-11-16,14138.233787673258
2017-11-17,14162.302939930205
2017-11-20,14149.689695246363
2017-11-21,14231.093600195138
2017-11-22,14241.655185866563
2017-11-24,14245.746976013637
2017-11-27,14244.273644282952
2017-11-28,14350.168944742814
2017-11-29,14355.96083962758
2017-11-30,14402.523602607589
2017-12-01,14461.176792301168
2017-12-04,14447.56139293529
2017-12-05,14441.741281509658
2017-12-06,14488.956768288399
2017-12-07,14521.661530482317
2017-12-08,14601.087592811502
2017-12-11,14615.790343299408
2017-12-12,14646.591203930695
2017-12-13,14692.344791666716
2017-12-14,14658.964821446489
2017-12-15,14762.537932149817
2017-12-18,14750.824587083836
2017-12-19,14665.896480669286
2017-12-20,14583.707583120691
2017-12-21,14627.53467335867
2017-12-22,14609.894881804847
2017-12-26,14627.883123655029
2017-12-27,14701.698994781418
2017-12-28,14716.909359713212
2017-12-29,14668.912658059568
2018-01-02,14709.383765707711
2018-01-03,14803.71809766636
2018-01-04,14831.544616684541
2018-01-05,14887.59881449278
2018-01-08,14868.245834661098
2018-01-09,14873.974854023256
2018-01-10,14864.920547931668
2018-01-11,14957.731926760001
2018-01-12,15052.785023361435
2018-01-16,15079.428724658774
2018-01-17,15150.932351406862
2018-01-18,15096.462431187185
2018-01-19,15121.965657864888
2018-01-22,15203.886711511017
2018-01-23,15224.336298111966
2018-01-24,15229.297253186887
2018-01-25,15314.564427032989
2018-01-26,15451.139873583948
2018-01-29,15381.533513020444
2018-01-30,15200.740349947046
2018-01-31,15152.082934162487
2018-02-01,15057.456187570664
2018-02-02,14869.27346123039
2018-02-05,14517.796495626482
2018-02-06,14634.013225715988
2018-02-07,14537.24862722079
2018-02-08,14392.33551821891
2018-02-09,14445.448555750027
2018-02-12,14561.580063663087
2018-02-13,14631.444837044533
2018-02-14,14824.10410518799
2018-02-15,14922.519987463842
2018-02-16,14901.31183874108
2018-02-20,14839.329111112114
2018-02-21,14662.443828899266
2018-02-22,14745.147976325334
2018-02-23,14976.528917918075
2018-02-26,15090.76328154774
2018-02-27,14954.78684889036
2018-02-28,14868.7570598187
2018-03-01,14767.071548370863
2018-03-02,14778.360369756512
2018-03-05,14859.664841300568
2018-03-06,14885.326842257959
2018-03-07,14885.87238618498
2018-03-08,14967.488117269688
2018-03-09,15085.39393411375
2018-03-12,15096.131149553778
2018-03-13,15096.275326812776
2018-03-14,15097.19812878985
2018-03-15,15085.155473893336
2018-03-16,15065.800900450462
2018-03-19,14915.411172410637
2018-03-20,14919.102447073266
2018-03-21,15060.771933766033
2018-03-22,14850.07730802247
2018-03-23,14640.550246349952
2018-03-26,14818.316069156412
2018-03-27,14679.242090537393
2018-03-28,14561.202115550548
2018-03-29,14640.28585353897
2018-04-02,14636.286132892667
2018-04-03,14611.485393982077
2018-04-04,14685.504493019693
2018-04-05,14648.372350611868
2018-04-06,14612.59070736544
2018-04-09,14664.086763452937
2018-04-10,14759.51248248932
2018-04-11,14812.29660290729
2018-04-12,14732.845330124244
2018-04-13,14792.125079755095
2018-04-16,14947.220384808998
2018-04-17,15099.70928130539
2018-04-18,15047.606046110624
2018-04-19,14962.963678826407
2018-04-20,14864.909433507268
2018-04-23,14857.983869255117
2018-04-24,14840.283992139957
2018-04-25,14836.846078670447
2018-04-26,14990.057604463087
2018-04-27,15083.764426151243
2018-04-30,15020.318430543826
2018-05-01,15025.246141308113
2018-05-02,14992.76704974106
2018-05-03,14980.049117638971
2018-05-04,15103.148348380488
2018-05-07,15086.484657343926
2018-05-08,15037.519118133136
2018-05-09,15066.51310170956
2018-05-10,15206.080965842222
2018-05-11,15305.380987317154
2018-05-14,15316.15220196859
2018-05-15,15163.224573911033
2018-05-16,15197.81050606848
2018-05-17,15161.273776975768
2018-05-18,15206.834373129024
2018-05-21,15242.348326875614
2018-05-22,15219.046602003495
2018-05-23,15288.444319012686
2018-05-24,15306.542374369277
2018-05-25,15332.423104842856
2018-05-29,15329.633509988465
2018-05-30,15428.361123652536
2018-05-31,15330.829598073688
2018-06-01,15400.522596789338
2018-06-04,15415.9549290829
2018-06-05,15426.211960646742
2018-06-06,15491.698099064011
2018-06-07,15565.671581508173
2018-06-08,15591.233491904986
2018-06-11,15600.995863819791
2018-06-12,15610.066146054955
2018-06-13,15605.27332304431
2018-06-14,15696.796860933691
2018-06-15,15719.319481879382
2018-06-18,15650.43477059854
2018-06-19,15689.254131523465
2018-06-20,15661.781162121095
2018-06-21,15634.337060057931
2018-06-22,15650.676963343392
2018-06-25,15538.950176439654
2018-06-26,15544.043169837782
2018-06-27,15535.864491149589
2018-06-28,15584.862084556415
2018-06-29,15595.973954342739
2018-07-02,15694.16426714321
2018-07-03,15675.896907555842
2018-07-05,15780.003388811374
2018-07-06,15904.247859439467
2018-07-09,15972.06237087427
2018-07-10,15998.15754785019
2018-07-11,15959.342169594058
2018-07-12,16045.752981832584
2018-07-13,16072.634214734619
2018-07-16,16042.913527895063
2018-07-17,16071.07881980773
2018-07-18,16071.928277937506
2018-07-19,16049.815357823554
2018-07-20,15959.549709053364
2018-07-23,15914.881265835878
2018-07-24,15984.121297930422
2018-07-25,16075.898412550081
2018-07-26,16035.412319034029
2018-07-27,15997.454637992234
2018-07-30,15956.907102355315
2018-07-31,16055.40090138383
2018-08-01,16007.721961871614
2018-08-02,16095.302642111968
2018-08-03,16178.878279503488
2018-08-06,16219.111991981157
2018-08-07,16208.621901448909
2018-08-08,16227.347496216953
2018-08-09,16270.43096227894
2018-08-10,16245.251726665247
2018-08-13,16207.37768609026
2018-08-14,16264.094494321358
2018-08-15,16243.86992719416
2018-08-16,16338.130554175143
2018-08-17,16371.864697302333
2018-08-20,16454.393504083837
2018-08-21,16460.99825193877
2018-08-22,16485.11459564199
2018-08-23,16482.52389811958
2018-08-24,16545.548905664607
2018-08-27,16572.240171645662
2018-08-28,16543.013706083213
2018-08-29,16621.913812417017
2018-08-30,16601.421225629376
2018-08-31,16595.587841221557
2018-09-04,16525.761162179166
2018-09-05,16508.241068014788
2018-09-06,16516.322381266415
2018-09-07,16471.18904769355
2018-09-10,16488.63976542022
2018-09-11,16462.4570644778
2018-09-12,16500.309246938737
2018-09-13,16587.715643856973
2018-09-14,16539.089073816845
2018-09-17,16477.004119953195
2018-09-18,16492.670992194402
2018-09-19,16471.667769222335
2018-09-20,16591.602465746066
2018-09-21,16580.542227973096
2018-09-24,16538.01800816549
2018-09-25,16517.02469083646
2018-09-26,16559.804842513277
2018-09-27,16599.887397815062
2018-09-28,16587.381495423557
2018-10-01,16571.87189487666
2018-10-02,16566.58366501903
2018-10-03,16454.370935686264
2018-10-04,16319.340415289285
2018-10-05,16234.058049818188
2018-10-08,16231.043031500842
2018-10-09,16278.76469345269
2018-10-10,15998.012087281557
2018-10-11,15737.980800370828
2018-10-12,15797.879331834101
2018-10-15,15820.875210913531
2018-10-16,15922.667952096
2018-10-17,15907.979601931716
2018-10-18,15826.27106953483
2018-10-19,15971.433218446902
2018-10-22,15956.52339358244
2018-10-23,16011.632258084865
2018-10-24,15906.547440747603
2018-10-25,15992.814192906639
2018-10-26,15933.024523873017
2018-10-29,15858.809976653029
2018-10-30,15881.816609542118
2018-10-31,15880.598038688986
2018-11-01,16056.38628206137
2018-11-02,15971.366516290745
2018-11-05,15972.686356913615
2018-11-06,15975.927515942527
2018-11-07,16081.610194279097
2018-11-08,16058.564881803259
2018-11-09,16005.316836844237
2018-11-12,15852.985877726678
2018-11-13,15901.627326912316
2018-11-14,15932.022766906053
2018-11-15,16019.548696283493
2018-11-16,16098.952316560784
2018-11-19,15981.653915295867
2018-11-20,15827.349760540625
2018-11-21,15851.975697731203
2018-11-23,15822.629874262695
2018-11-26,15883.551194014728
2018-11-27,15848.9145657317
2018-11-28,15989.204986203644
2018-11-29,15996.513471597726
2018-11-30,16183.49085526119
2018-12-03,16377.609345205627
2018-12-04,16190.412993309197
2018-12-06,16180.458954615677
2018-12-07,16125.255456100493
2018-12-10,16139.978092097948
2018-12-11,16145.856979334523
2018-12-12,16184.36856563366
2018-12-13,16175.371063650797
2018-12-14,16030.949247733624
2018-12-17,15995.597751835832
2018-12-18,16030.552801397562
2018-12-19,15906.303661373791
2018-12-20,15962.203104654805
2018-12-21,15804.058663587115
2018-12-24,15778.561950041592
2018-12-26,15978.08380697619
2018-12-27,16093.21170001441
2018-12-28,16136.071338381094
2018-12-31,16194.798118975996
2019-01-02,16199.559004422332
2019-01-03,16128.765727323631
2019-01-04,16217.873966132458
2019-01-07,16275.012085797049
2019-01-08,16289.406913103378
2019-01-09,16376.570705416025
2019-01-10,16335.65351536035
2019-01-11,16356.693238078537
2019-01-14,16336.288771102334
2019-01-15,16515.073407290314
2019-01-16,16542.81627677128
2019-01-17,16622.698302270328
2019-01-18,16771.71553999464
2019-01-22,16705.58668896871
2019-01-23,16721.03215222797
2019-01-24,16819.1170900724
2019-01-25,16932.7976133048
2019-01-28,16834.65871751652
2019-01-29,16872.642863033354
2019-01-30,17022.92208996075
2019-01-31,17116.005352796896
2019-02-01,17049.09583465405
2019-02-04,17034.721030503915
2019-02-05,17079.017063738476
2019-02-06,17096.67699590282
2019-02-07,17029.860498231443
2019-02-08,17051.013351770693
2019-02-11,17030.557169586704
2019-02-12,17169.401436373468
2019-02-13,17184.323923441665
2019-02-14,17202.03414444828
2019-02-15,17360.495702312146
2019-02-19,17377.32131439147
2019-02-20,17368.37699398876
2019-02-21,17245.920535712372
2019-02-22,17354.540928068935
2019-02-25,17340.816888486737
2019-02-26,17348.700681945058
2019-02-27,17253.518702030753
2019-02-28,17195.694987557737
2019-03-01,17259.63139183666
2019-03-04,17204.56436367773
2019-03-05,17214.149452680354
2019-03-06,17121.47696784033
2019-03-07,17060.099505746097
2019-03-08,17052.41666644191
2019-03-11,17165.75045776158
2019-03-12,17265.183240850343
2019-03-13,17343.73695239156
2019-03-14,17285.491905086747
2019-03-15,17386.078691029023
2019-03-18,17418.131486101414
2019-03-19,17455.34165195027
2019-03-20,17448.970433766408
2019-03-21,17530.909107908614
2019-03-22,17408.53986292
2019-03-25,17426.06929717762
2019-03-26,17498.627577944993
2019-03-27,17489.47681190452
2019-03-28,17559.23453316701
2019-03-29,17652.94626446549
2019-04-01,17645.82240488386
2019-04-02,17640.008260765284
2019-04-03,17601.882180690503
2019-04-04,17640.42002031497
2019-04-05,17714.49395544227
2019-04-08,17703.190836178786
2019-04-09,17664.853461524628
2019-04-10,17702.111440185596
2019-04-11,17602.054171856944
2019-04-12,17549.572359969807
2019-04-15,17587.515916376375
2019-04-16,17453.795981116466
2019-04-17,17288.152532681983
2019-04-18,17327.47412436573
2019-04-22,17286.264926034102
2019-04-23,17442.861310756718
2019-04-24,17488.021121879894
2019-04-25,17526.769101858863
2019-04-26,17649.944149359155
2019-04-29,17603.45575108006
2019-04-30,17667.343041534383
2019-05-01,17628.586261959652
2019-05-02,17628.121854466495
2019-05-03,17747.312384983226
2019-05-06,17765.488783588196
2019-05-07,17613.75723301079
2019-05-08,17596.32196735763
2019-05-09,17596.67403246995
2019-05-10,17635.153964744204
2019-05-13,17603.30798369793
2019-05-14,17662.263633497423
2019-05-15,17717.332158412933
2019-05-16,17839.879855151168
2019-05-17,17851.279662899386
2019-05-20,17799.37971732025
2019-05-21,17887.090344074295
2019-05-22,17939.91531678914
2019-05-23,17946.959966563565
2019-05-24,17948.93147917403
2019-05-28,17745.981164396977
2019-05-29,17583.518499804857
2019-05-30,17594.327788537405
2019-05-31,17565.86177359949
2019-06-03,17637.88379056211
2019-06-04,17812.398311898593
2019-06-05,18092.051898625054
2019-06-06,18216.68868724057
2019-06-07,18217.992787608615
2019-06-10,18185.734997625757
2019-06-11,18190.18434313381
2019-06-12,18211.561276574655
2019-06-13,18260.452975292264
2019-06-14,18271.199775633366
2019-06-17,18297.667236032128
2019-06-18,18433.778616925643
2019-06-19,18507.223183659808
2019-06-20,18589.64858836758
2019-06-21,18529.038276077234
2019-06-24,18521.342349553666
2019-06-25,18475.41319732802
2019-06-26,18353.67082853297
2019-06-27,18479.563523619327
2019-06-28,18530.474732049348
2019-07-01,18597.54476742385
2019-07-02,18690.576216016267
2019-07-03,18840.50128045938
2019-07-05,18711.278520782464
2019-07-08,18664.474061272937
2019-07-09,18673.410533186317
2019-07-10,18667.948911490737
2019-07-11,18598.239460844987
2019-07-12,18582.12965215784
2019-07-15,18636.44200077929
2019-07-16,18574.752960439586
2019-07-17,18600.867707571233
2019-07-18,18650.54779218264
2019-07-19,18536.02507793791
2019-07-22,18540.192537094208
2019-07-23,18586.554792083138
2019-07-24,18651.06213804044
2019-07-25,18557.40807769391
2019-07-26,18631.160913587042
2019-07-29,18633.994473643652
2019-07-30,18595.773172438014
2019-07-31,18530.748378300155
2019-08-01,18589.281177553894
2019-08-02,18605.66954369754
2019-08-05,18409.959362078735
2019-08-06,18652.122753771648
2019-08-07,18871.37579860154
2019-08-08,19052.683658268706
2019-08-09,18956.557584223356
2019-08-12,18867.766740097544
2019-08-13,18995.59010848085
2019-08-14,18955.32122438146
2019-08-15,19117.73394883563
2019-08-16,19129.33687428556
2019-08-19,19051.673913108178
2019-08-20,18997.121487219207
2019-08-21,19120.34077826267
2019-08-22,19123.713783479358
2019-08-23,18937.21827898305
2019-08-26,19034.812201453162
2019-08-27,19156.153006424414
2019-08-28,19149.959343886352
2019-08-29,19129.938145428976
2019-08-30,19097.298731914176
2019-09-03,19228.206107875747
2019-09-04,19332.94707648531
2019-09-05,19092.20769094692
2019-09-06,19167.21550847832
2019-09-09,19018.42904104259
2019-09-10,18911.79015545896
2019-09-11,18986.84504319365
2019-09-12,18966.151626440216
2019-09-13,18822.053736547132
2019-09-16,18844.545957615188
2019-09-17,18914.683632833385
2019-09-18,18947.177465250763
2019-09-19,18983.43069681797
2019-09-20,19061.765861820964
2019-09-23,19039.185944168592
2019-09-24,19008.884420007336
2019-09-25,18921.967190663396
2019-09-26,18909.02465981624
2019-09-27,18887.53614663773
2019-09-30,18990.547986413607
2019-10-01,18877.979192777533
2019-10-02,18694.731241131863
2019-10-03,18841.92371283831
2019-10-04,18948.288583416102
2019-10-07,18804.678811873997
2019-10-08,18621.819128199568
2019-10-09,18679.71063728733
2019-10-10,18589.582652126937
2019-10-11,18621.839854900714
2019-10-14,18665.57216003513
2019-10-15,18758.555585134593
2019-10-16,18766.05773245841
2019-10-17,18810.87677669081
2019-10-18,18781.93109049473
2019-10-21,18761.22948889875
2019-10-22,18790.462395993225
2019-10-23,18832.884319244702
2019-10-24,18784.914956898025
2019-10-25,18764.111793013257
2019-10-28,18790.975593969786
2019-10-29,18876.034045480214
2019-10-30,19034.064268768983
2019-10-31,19091.21914400249
2019-11-01,19128.837621224073
2019-11-04,19032.96700834479
2019-11-05,18919.212871727686
2019-11-06,18995.80103019186
2019-11-07,18880.92715836841
2019-11-08,18903.066471771355
2019-11-11,18868.198651361585
2019-11-12,18941.18461024623
2019-11-13,18975.600566795096
2019-11-14,19063.66246502576
2019-11-15,19214.065806123865
2019-11-18,19218.860908779985
2019-11-19,19290.020939007623
2019-11-20,19335.92925869984
2019-11-21,19288.30243020663
2019-11-22,19356.199559389468
2019-11-25,19499.488668375736
2019-11-26,19558.027629775213
2019-11-27,19609.794440521102
2019-11-29,19544.886559690047
2019-12-02,19378.87072746927
2019-12-03,19449.440147392303
2019-12-04,19482.449888312218
2019-12-05,19453.879251786846
2019-12-06,19514.03872691806
2019-12-09,19479.135253684533
2019-12-10,19489.037889117135
2019-12-11,19557.04662099151
2019-12-12,19570.87721938302
2019-12-13,19645.884098200942
2019-12-16,19682.70888764066
2019-12-17,19685.97147520567
2019-12-18,19633.53948034809
2019-12-19,19684.913058499103
2019-12-20,19755.30867377336
2019-12-23,19761.49741477593
2019-12-24,19783.849106278027
2019-12-26,19847.55896291235
2019-12-27,19853.983348988295
2019-12-30,19756.405318637415
2019-12-31,19712.645730196415
2020-01-02,19868.622867802515
2020-01-03,19867.4326308113
2020-01-06,19880.623127943272
2020-01-07,19813.07044472469
2020-01-08,19836.250804590873
2020-01-09,19924.37568622419
2020-01-10,19957.491643972942
2020-01-13,19938.739236100544
2020-01-14,20013.734287044746
2020-01-15,20109.502695103954
2020-01-16,20174.365360322525
2020-01-17,20131.972048001295
2020-01-21,20190.155799245098
2020-01-22,20227.931173462985
2020-01-23,20245.648492087144
2020-01-24,20111.298080654986
2020-01-27,20083.3893103541
2020-01-28,20120.08579600787
2020-01-29,20165.983026552167
2020-01-30,20136.23349292991
2020-01-31,20019.091208004185
2020-02-03,20116.080594149356
2020-02-04,20231.26737100226
2020-02-05,20349.65590576863
2020-02-06,20381.164852765854
2020-02-07,20391.327882520203
2020-02-10,20498.34106304406
2020-02-11,20538.019041300042
2020-02-12,20549.712871392734
2020-02-13,20538.18893134918
2020-02-14,20574.692796519128
2020-02-18,20581.69809919542
2020-02-19,20644.12464820713
2020-02-20,20650.888019155045
2020-02-21,20650.119546684884
2020-02-24,20332.74476630418
2020-02-25,19982.40805190753
2020-02-26,20031.771471594464
2020-02-27,19742.046655306192
2020-02-28,19322.061945941703
2020-03-02,19716.15566206409
2020-03-03,19936.003715284976
2020-03-04,20223.664376350065
2020-03-05,20354.31643988041
2020-03-06,20335.511727709683
2020-03-09,19982.641473189135
2020-03-10,19979.605509111498
2020-03-11,19577.684527948626
2020-03-12,18518.246647095762
2020-03-13,18755.04473223436
2020-03-16,18049.462594639124
2020-03-17,18523.452111309904
2020-03-18,18018.075509863716
2020-03-19,17796.38228067343
2020-03-20,17768.68460711086
2020-03-23,18205.79096480153
2020-03-24,19204.32660607539
2020-03-25,19036.278454993404
2020-03-26,19548.393427700365
2020-03-27,19323.07526085559
2020-03-30,19609.21815488138
2020-03-31,19097.99115171254
2020-04-01,19005.059429588535
2020-04-02,19347.62578915918
2020-04-03,19362.917092315503
2020-04-06,20101.861592965713
2020-04-07,19960.36019190576
2020-04-08,19986.999528117973
2020-04-09,20334.851455958495
2020-04-13,20519.993780474197
2020-04-14,20885.30057392383
2020-04-15,20601.227897015822
2020-04-16,20415.936330283555
2020-04-17,21188.51223766048
2020-04-20,20923.294187467043
2020-04-21,20683.556144809532
2020-04-22,21060.298058611923
2020-04-23,21330.60248483839
2020-04-24,21466.314252497337
2020-04-27,21551.606291251068
2020-04-28,21775.65234725539
2020-04-29,22517.762362159126
2020-04-30,22190.57032975967
2020-05-01,21649.997808366134
2020-05-04,21942.623395444418
2020-05-05,21963.36910478685
2020-05-06,21639.738008502296
2020-05-07,22064.21904602552
2020-05-08,22411.94188041579
2020-05-11,22220.469242148174
2020-05-12,22048.272737164974
2020-05-13,21649.882006988395
2020-05-14,21888.948546220636
2020-05-15,21873.013120405874
2020-05-18,22505.27937476946
2020-05-19,22287.72376355208
2020-05-20,22745.75691611164
2020-05-21,22564.336856246773
2020-05-22,22579.95482685684
2020-05-26,22718.259126904883
2020-05-27,22862.335724542645
2020-05-28,22587.142065332802
2020-05-29,22666.237306547806
2020-06-01,22768.919558324775
2020-06-02,23020.63663920803
2020-06-03,23209.39430105899
2020-06-04,23064.34801609522
2020-06-05,23762.226793328482
2020-06-08,24234.198277760293
2020-06-09,24010.785908624304
2020-06-10,23773.73852278563
2020-06-11,22771.238674229815
2020-06-12,22976.46988466173
2020-06-15,23059.585309941063
2020-06-16,23294.99295993145
2020-06-17,23034.58213870341
2020-06-18,23237.975164594813
2020-06-19,23084.568608427515
2020-06-22,23218.71109305743
2020-06-23,23215.115423300762
2020-06-24,22698.70330599208
2020-06-25,22940.704105333953
2020-06-26,22630.353219717832
2020-06-29,22792.024424041076
2020-06-30,23038.271870825778
2020-07-01,22831.336060196183
2020-07-02,22969.551298501552
2020-07-06,23066.401796342296
2020-07-07,22857.829458889824
2020-07-08,22896.021275580035
2020-07-09,22617.124645411754
2020-07-10,22855.371267056613
2020-07-13,22743.750822794285
2020-07-14,23119.419301832117
2020-07-15,23310.419043086105
2020-07-16,23250.728132347107
2020-07-17,23144.661861766526
2020-07-20,23143.212815787272
2020-07-21,23630.66727740558
2020-07-22,23611.256693662268
2020-07-23,23574.056595125752
2020-07-24,23477.763946228355
2020-07-27,23549.639156199777
2020-07-28,23401.63214863097
2020-07-29,23648.629620763095
2020-07-30,23374.846564600055
2020-07-31,23446.595362446053
2020-08-03,23539.464012146866
2020-08-04,23866.90654358913
2020-08-05,23927.648576626456
2020-08-06,23981.224360340904
2020-08-07,23866.697547696484
2020-08-10,24101.53010622541
2020-08-11,23845.839947208995
2020-08-12,23965.52756354587
2020-08-13,23724.029239017535
2020-08-14,23767.542755113467
2020-08-17,23796.13437760007
2020-08-18,23772.949853642418
2020-08-19,23584.86014821866
2020-08-20,23534.056686012085
2020-08-21,23581.936493338668
2020-08-24,23859.985779667717
2020-08-25,23697.561520531708
2020-08-26,23592.251977941898
2020-08-27,23457.47224853689
2020-08-28,23666.725015466498
2020-08-31,23541.226259372368
2020-09-01,23681.869558603074
2020-09-02,23775.036265850475
2020-09-03,23436.00637543196
2020-09-04,23184.385564299373
2020-09-08,22712.28126198106
2020-09-09,22918.497588007405
2020-09-10,22747.17627315576
2020-09-11,22749.437575853077
2020-09-14,22971.473337698357
2020-09-15,22975.05262049238
2020-09-16,23221.254462862285
2020-09-17,23210.16672653519
2020-09-18,23118.869876889872
2020-09-21,22859.148108463665
2020-09-22,22877.039795908808
2020-09-23,22396.995126636448
2020-09-24,22497.678442511376
2020-09-25,22580.286429337182
2020-09-28,22829.33379309896
2020-09-29,22915.546345095576
2020-09-30,22853.698691177247
2020-10-01,23041.861033995552
2020-10-02,22986.968693150717
2020-10-05,23196.451489813517
2020-10-06,22951.2904195589
2020-10-07,23119.868644598366
2020-10-08,23222.263488481163
2020-10-09,23177.45096412206
2020-10-12,23351.600305375618
2020-10-13,23232.651454351857
2020-10-14,23260.293615801216
2020-10-15,23334.837558575957
2020-10-16,23102.661078642912
2020-10-19,22798.38093979461
2020-10-20,22846.210486566943
2020-10-21,22650.843862922826
2020-10-22,22886.69044122172
2020-10-23,22899.843966941306
2020-10-26,22555.404480248428
2020-10-27,22515.876288131556
2020-10-28,22030.88036955851
2020-10-29,22032.36681793189
2020-10-30,21971.515125969585
2020-11-02,22167.451185973532
2020-11-03,22354.862841880094
2020-11-04,22556.03335954471
2020-11-05,23034.73601241159
2020-11-06,22769.28362304669
2020-11-09,23731.321012628425
2020-11-10,23889.97360541861
2020-11-11,23931.992392204178
2020-11-12,23739.994178233042
2020-11-13,24111.369301343926
2020-11-16,24734.32631870645
2020-11-17,24848.606698180458
2020-11-18,24546.58179734055
2020-11-19,24777.944476501394
2020-11-20,24756.728694452842
2020-11-23,25351.140809350694
2020-11-24,25813.94610906849
2020-11-25,25571.866642372195
2020-11-27,25571.19569609222
2020-11-30,25060.10032438404
2020-12-01,25057.753691619706
2020-12-02,25273.39290611462
2020-12-03,25446.140445612735
2020-12-04,25872.83178028943
2020-12-07,25756.474902800855
2020-12-08,25958.906650248693
2020-12-09,25843.433474174006
2020-12-10,26212.097033109523
2020-12-11,26120.833055005125
2020-12-14,25767.497611059847
2020-12-15,26035.740618787015
2020-12-16,26003.91006006176
2020-12-17,25994.836840175227
2020-12-18,25787.992660985656
2020-12-21,25630.975891823087
2020-12-22,25547.699195778107
2020-12-23,25664.858926950717
2020-12-24,25691.51887025058
2020-12-28,25696.643481839277
2020-12-29,25602.185495016158
2020-12-30,25783.932962225404
2020-12-31,25734.000389632874
2021-01-04,25660.380472013283
2021-01-05,26060.610094762327
2021-01-06,26096.766425689602
2021-01-07,26302.932030455817
2021-01-08,26279.51129634706
2021-01-11,26355.01213057307
2021-01-12,26685.362615572707
2021-01-13,26738.378695153908
2021-01-14,26887.08547558306
2021-01-15,26467.758352250607
2021-01-19,26769.647452708316
2021-01-20,26947.504155437637
2021-01-21,26608.272586681785
2021-01-22,26556.265758577232
2021-01-25,26611.059347274047
2021-01-26,26378.660515916406
2021-01-27,26127.66354091216
2021-01-28,26223.001197004593
2021-01-29,25701.566434460532
2021-02-01,25935.50184380887
2021-02-02,26063.291181107168
2021-02-03,26362.808742768684
2021-02-04,26514.111717379186
2021-02-05,26532.587149854287
2021-02-08,27047.45028348224
2021-02-09,26940.678887200436
2021-02-10,27177.823871577722
2021-02-11,27016.205196469513
2021-02-12,27072.162145146383
2021-02-16,27137.029355169045
2021-02-17,27295.398057209586
2021-02-18,27003.953259609236
2021-02-19,27041.79882822859
2021-02-22,27194.94334145866
2021-02-23,27310.765019875438
2021-02-24,27693.3311057151
2021-02-25,27092.220281054386
2021-02-26,27175.73962815355
2021-03-01,27327.985359660808
2021-03-02,27327.579510338284
2021-03-03,27204.90832635284
2021-03-04,27225.920827828333
2021-03-05,27411.911091922688
2021-03-08,27107.509227073526
2021-03-09,27667.035719403193
2021-03-10,27777.870165239245
2021-03-11,27857.820912970798
2021-03-12,27796.83713711516
2021-03-15,27956.709620160873
2021-03-16,28006.737441484605
2021-03-17,28104.02335181008
2021-03-18,27369.938832546144
2021-03-19,27422.699584438713
2021-03-22,27558.98215279514
2021-03-23,27432.089930604787
2021-03-24,27400.045856436733
2021-03-25,27351.80253697783
2021-03-26,27584.81271017255
2021-03-29,27368.88746929172
2021-03-30,27386.706098072093
2021-03-31,27703.513307346693
2021-04-01,28048.344767649818
2021-04-05,27899.8539001717
2021-04-06,27945.29612771318
2021-04-07,27850.38484219934
2021-04-08,27974.066859878338
2021-04-09,28115.883149962083
2021-04-12,28163.82023737421
2021-04-13,28308.782005618632
2021-04-14,28242.624302093947
2021-04-15,28624.69369408537
2021-04-16,28679.726161928753
2021-04-19,28587.25452899203
2021-04-20,28567.339358684287
2021-04-21,28811.53811314832
2021-04-22,28722.2508528879
2021-04-23,28866.425345666674
2021-04-26,28842.992657960174
2021-04-27,28707.75955641303
2021-04-28,28685.333955330403
2021-04-29,28665.70957148407
2021-04-30,28652.819729608287
2021-05-03,28770.001927522066
2021-05-04,28814.38419763746
2021-05-05,28852.048939472927
2021-05-06,29000.61576906551
2021-05-07,29199.161268161697
2021-05-10,29017.651695383025
2021-05-11,28739.27209016685
2021-05-12,28336.08387380868
2021-05-13,28531.673891031467
2021-05-14,28850.92915817628
2021-05-17,29003.931594210157
2021-05-18,28896.65621261372
2021-05-19,28911.34759528554
2021-05-20,29148.99151506644
2021-05-21,29134.514480160604
2021-05-24,29286.606513759038
2021-05-25,29469.80289263055
2021-05-26,29445.035709867163
2021-05-27,29426.85640797741
2021-05-28,29545.00710059345
2021-06-01,29436.51963429189
2021-06-02,29577.80537975045
2021-06-03,29625.79790994147
2021-06-04,29753.403285551478
2021-06-07,29752.256291377485
2021-06-08,29823.39875571799
2021-06-09,29965.936421245697
2021-06-10,30211.016526719442
2021-06-11,30163.502495801276
2021-06-14,30066.81478418177
2021-06-15,30035.006586486445
2021-06-16,29972.852520711782
2021-06-17,30158.860581841764
2021-06-18,30132.862365173474
2021-06-21,30196.015787297496
2021-06-22,30352.854690905147
2021-06-23,30318.99454880671
2021-06-24,30446.690557112204
2021-06-25,30451.916914421592
2021-06-28,30564.203296862885
2021-06-29,30594.726971240823
2021-06-30,30656.408647931312
2021-07-01,30806.915343487883
2021-07-02,31025.918449503562
2021-07-06,31106.74995542531
2021-07-07,31282.853862865515
2021-07-08,31190.83972916717
2021-07-09,31206.94707587043
2021-07-12,31188.585693737747
2021-07-13,30999.32719094583
2021-07-14,31099.240961074847
2021-07-15,31165.103676313738
2021-07-16,31071.581985790872
2021-07-19,31051.72182618764
2021-07-20,31252.82077975408
2021-07-21,31576.994837959228
2021-07-22,31603.64373061646
2021-07-23,31720.627290513574
2021-07-26,31669.62647721277
2021-07-27,31788.53059923373
2021-07-28,31803.45564493674
2021-07-29,31911.84302036548
2021-07-30,31843.281376154115
2021-08-02,31972.726995711244
2021-08-03,32215.67068123776
2021-08-04,31913.777938152125
2021-08-05,31901.95540097641
2021-08-06,31722.28540893757
2021-08-09,31724.399196175273
2021-08-10,31699.375518929606
2021-08-11,31633.034183927084
2021-08-12,31711.690396600297
2021-08-13,31930.74483338846
2021-08-16,32061.49487653838
2021-08-17,32041.608541683425
2021-08-18,31878.87795193844
2021-08-19,31964.270268965218
2021-08-20,32088.478345011452
2021-08-23,32626.820453796754
2021-08-24,32547.477081975274
2021-08-25,32474.25695764893
2021-08-26,32391.934839960304
2021-08-27,32549.313334811708
2021-08-30,32651.52112089713
2021-08-31,32564.823647184297
2021-09-01,32574.87720519423
2021-09-02,32765.67812288283
2021-09-03,32648.904802705336
2021-09-07,32469.94139141019
2021-09-08,32549.100583223626
2021-09-09,32550.604361215937
2021-09-10,32280.272190114247
2021-09-13,32325.597466546038
2021-09-14,32281.22555816578
2021-09-15,32740.728628161778
2021-09-16,32528.332307063487
2021-09-17,32440.537329756877
2021-09-20,32263.024665726905
2021-09-21,32389.490094153898
2021-09-22,32430.918957543494
2021-09-23,32248.802367760287
2021-09-24,32205.53322477001
2021-09-27,32059.927198548627
2021-09-28,31520.339386631407
2021-09-29,31762.649582911723
2021-09-30,31998.224652240424
2021-10-01,32170.046516393675
2021-10-04,32096.410758890233
2021-10-05,32092.05286933316
2021-10-06,32234.382212153367
2021-10-07,32180.50070910291
2021-10-08,32143.11824623198
2021-10-11,32061.483890704294
2021-10-12,32183.841156541715
2021-10-13,32602.545081232
2021-10-14,32850.16212317592
2021-10-15,32887.223791529526
2021-10-18,32766.218398231857
2021-10-19,32777.6298618174
2021-10-20,32890.74112940534
2021-10-21,32993.884196246676
2021-10-22,33194.92657269752
2021-10-25,33325.75471189389
2021-10-26,33487.177167965616
2021-10-27,33567.32547762429
2021-10-28,33745.41145779964
2021-10-29,33902.29930960761
2021-11-01,33907.96222394802
2021-11-02,34013.04058953364
2021-11-03,34076.139223769045
2021-11-04,34163.55282752414
2021-11-05,34256.28896521137
2021-11-08,34237.84522588954
2021-11-09,34232.65779338731
2021-11-10,34014.602470056416
2021-11-11,33952.50368019703
2021-11-12,33990.20947786585
2021-11-15,33762.972310380515
2021-11-16,33868.24549293697
2021-11-17,33980.64793602233
2021-11-18,34079.81991631193
2021-11-19,34126.712327554174
2021-11-22,33958.34967571862
2021-11-23,33803.730708238254
2021-11-24,34158.937498216736
2021-11-26,33755.8843892506
2021-11-29,33799.26377640486
2021-11-30,33593.78885450327
2021-12-01,33426.762495842006
2021-12-02,33883.67661911339
2021-12-03,33811.91474548847
2021-12-06,33914.079499473475
2021-12-07,34365.76780592468
2021-12-08,34188.102063873805
2021-12-09,34061.98105342953
2021-12-10,34267.345130896436
2021-12-13,33975.41575773986
2021-12-14,33873.82659879782
2021-12-15,33889.13923873646
2021-12-16,33790.18880171105
2021-12-17,33610.18292041184
2021-12-20,33257.42730770326
2021-12-21,33753.75770582336
2021-12-22,34070.69217099826
2021-12-23,34035.96855314217
2021-12-27,34293.344598730415
2021-12-28,34220.941077362535
2021-12-29,34168.729930498506
2021-12-30,34266.63448666559
2021-12-31,34223.47174127424
2022-01-03,33975.78700247404
2022-01-04,33812.556511164556
2022-01-05,33464.609222818865
2022-01-06,33381.71138646136
2022-01-07,33399.48872585537
2022-01-10,33438.35045147142
2022-01-11,33401.14541313915
2022-01-12,33478.388880550214
2022-01-13,33403.444012728985
2022-01-14,33253.0423677114
2022-01-18,32969.682797307956
2022-01-19,33235.06722800834
2022-01-20,33089.58960214891
2022-01-21,32923.22481488746
2022-01-24,33034.47278252886
2022-01-25,32901.79419011025
2022-01-26,32556.732836631043
2022-01-27,32326.0661679387
2022-01-28,32591.38409650074
2022-01-31,32874.937382610085
2022-02-01,32898.91125521974
2022-02-02,33077.75857801729
2022-02-03,32837.027481744684
2022-02-04,32812.385266228746
2022-02-07,32925.16125027094
2022-02-08,33066.23863800716
2022-02-09,33288.29991408971
2022-02-10,32955.703486413506
2022-02-11,33160.28556013935
2022-02-14,33221.9640108346
2022-02-15,33182.80830168173
2022-02-16,33406.73649837833
2022-02-17,33529.33484839957
2022-02-18,33480.1598490908
2022-02-22,33437.64764455457
2022-02-23,33294.19469981993
2022-02-24,33328.57469574461
2022-02-25,33477.69611303465
2022-02-28,33684.64826346826
2022-03-01,33926.685036542025
2022-03-02,33812.49165971235
2022-03-03,33912.422228298856
2022-03-04,34169.17843775119
2022-03-07,34136.83545061518
2022-03-08,34543.174544059555
2022-03-09,34194.07776820635
2022-03-10,34068.282970812375
2022-03-11,33768.19521259396
2022-03-14,33294.71558392042
2022-03-15,33217.58757614159
2022-03-16,33590.61409409802
2022-03-17,33747.27547055432
2022-03-18,33744.109293525034
2022-03-21,33833.317197980105
2022-03-22,33704.16685638214
2022-03-23,34075.33893971605
2022-03-24,34204.471407832374
2022-03-25,34307.08587437507
2022-03-28,34187.675932751095
2022-03-29,34409.8593299631
2022-03-30,34555.999308917715
2022-03-31,34277.743088584255
2022-04-01,34404.11798092268
2022-04-04,34485.48419455037
2022-04-05,33835.14012545528
2022-04-06,33758.76349817539
2022-04-07,33854.548805319086
2022-04-08,33973.81087045695
2022-04-11,33233.174983353776
2022-04-12,33355.740683613694
2022-04-13,33586.18831978147
2022-04-14,33303.62815916578
2022-04-18,33344.89092928714
2022-04-19,33201.552481706625
2022-04-20,33401.60023038167
2022-04-21,33191.120845897996
2022-04-22,32730.96982245564
2022-04-25,32511.028242631193
2022-04-26,32267.149546735644
2022-04-27,32194.530236417697
2022-04-28,32613.163580249642
2022-04-29,32205.442591889685
2022-05-02,31849.483555714443
2022-05-03,31920.627118871922
2022-05-04,32431.881445632276
2022-05-05,31906.33003476862
2022-05-06,31853.552353300172
2022-05-09,31343.462111307155
2022-05-10,31273.123689983146
2022-05-11,31264.161657642035
2022-05-12,30903.161415693008
2022-05-13,30972.452713311843
2022-05-16,31110.16856637062
2022-05-17,31123.113572753493
2022-05-18,30678.641678223605
2022-05-19,30832.278833767952
2022-05-20,30892.026642046218
2022-05-23,31154.085934046627
2022-05-24,31308.365836877023
2022-05-25,31277.698220973918
2022-05-26,31420.8292952403
2022-05-27,31691.51559018192
2022-05-31,31377.569701504774
2022-06-01,31430.945025166067
2022-06-02,31871.800047810844
2022-06-03,31482.01545965597
2022-06-06,31275.505909287604
2022-06-07,31519.506368429367
2022-06-08,31363.184364534798
2022-06-09,30951.499840684526
2022-06-10,30932.597230890868
2022-06-13,30008.082584368614
2022-06-14,29829.035572986722
2022-06-15,30238.577400087324
2022-06-16,30188.200707314103
2022-06-17,30086.956539406063
2022-06-21,30222.457572084328
2022-06-22,30332.16773284265
2022-06-23,30392.4516510618
2022-06-24,30630.09369314218
2022-06-27,30538.888029903443
2022-06-28,30291.52208221571
2022-06-29,30345.70323270423
2022-06-30,30176.09267747941
2022-07-01,30249.266289482148
2022-07-05,29927.39082002789
2022-07-06,29661.612686271175
2022-07-07,29778.044488847347
2022-07-08,29756.246633576495
2022-07-11,29722.980663000842
2022-07-12,29488.12290239758
2022-07-13,29584.97981146845
2022-07-14,29367.112365439505
2022-07-15,29461.27562702714
2022-07-18,29365.487471931498
2022-07-19,29861.36902140608
2022-07-20,29767.122857841667
2022-07-21,29884.622763250914
2022-07-22,29891.50480386051
2022-07-25,30143.71553876947
2022-07-26,29923.842585767874
2022-07-27,30405.279036861677
2022-07-28,30685.851523587724
2022-07-29,31283.097006279226
2022-08-01,31311.85024940751
2022-08-02,30986.502950406848
2022-08-03,31021.796948642826
2022-08-04,30649.116133194242
2022-08-05,30569.404273614015
2022-08-08,30770.975545787936
2022-08-09,30851.410603052725
2022-08-10,31063.746703116918
2022-08-11,31166.80161793322
2022-08-12,31528.178088382403
2022-08-15,31327.31050924683
2022-08-16,31346.09679317009
2022-08-17,31255.738815876703
2022-08-18,31606.32713920033
2022-08-19,31274.16972290284
2022-08-22,31002.74068111998
2022-08-23,31346.415236741377
2022-08-24,31418.611896082337
2022-08-25,31792.270309633703
2022-08-26,31409.313293139912
2022-08-29,31402.651373186894
2022-08-30,31146.144294327118
2022-08-31,30893.978778313663
2022-09-01,30675.31801088115
2022-09-02,30728.602135327732
2022-09-06,30501.75830687075
2022-09-07,30889.760615688163
2022-09-08,30767.17928935661
2022-09-09,31026.987467227846
2022-09-12,31216.481665509535
2022-09-13,30525.39761396345
2022-09-14,30482.41367758067
2022-09-15,29966.25828897684
2022-09-16,30019.62097409026
2022-09-19,30112.291384149685
2022-09-20,29927.74973957339
2022-09-21,29941.639403634843
2022-09-22,29804.084582514442
2022-09-23,29364.26635832445
2022-09-26,29071.160008643816
2022-09-27,29000.005664191765
2022-09-28,29682.369087833868
2022-09-29,29424.783637072393
2022-09-30,29226.782922813178
2022-10-03,29818.762107984974
2022-10-04,30353.18789810682
2022-10-05,30226.59294805072
2022-10-06,30091.829564103784
2022-10-07,29549.907324563494
2022-10-10,29336.385661558033
2022-10-11,29479.38497142145
2022-10-12,29422.963583372646
2022-10-13,29901.571894260862
2022-10-14,29628.01091007601
2022-10-17,29968.509081190816
2022-10-18,30152.444929904337
2022-10-19,29758.171546487032
2022-10-20,29438.84893262291
2022-10-21,29854.50542943587
2022-10-24,30241.910984625338
2022-10-25,30617.702721376245
2022-10-26,30956.47616818483
2022-10-27,31259.16875404204
2022-10-28,31635.835544901238
2022-10-31,31553.639837476618
2022-11-01,31829.09615605872
2022-11-02,31644.22453816669
2022-11-03,31497.250228475514
2022-11-04,31588.64990584888
2022-11-07,31786.64565940591
2022-11-08,31984.896363174288
2022-11-09,31707.038283742404
2022-11-10,32935.111144070645
2022-11-11,32663.703724826446
2022-11-14,32577.36390135172
2022-11-15,33084.668164446826
2022-11-16,33724.76447291975
2022-11-17,33386.15943449719
2022-11-18,33218.05624353261
2022-11-21,33329.29574099974
2022-11-22,33806.16024065811
2022-11-23,34358.07791672
2022-11-25,34251.59963361288
2022-11-28,33775.295817125414
2022-11-29,33764.55453025441
2022-11-30,34299.97803636253
2022-12-01,35316.99430070257
2022-12-02,35363.049013470096
2022-12-05,34624.33463056982
2022-12-06,34291.00875655101
2022-12-07,34519.3434229824
2022-12-08,34552.59761703169
2022-12-09,33878.69001336002
2022-12-12,34382.10382012956
2022-12-13,34839.08559200748
2022-12-14,34742.840752631804
2022-12-15,34411.32931275363
2022-12-16,34019.21362325933
2022-12-19,33822.986460332686
2022-12-20,34125.45084211363
2022-12-21,34250.65435046339
2022-12-22,33816.6679661688
2022-12-23,33868.09844939309
2022-12-27,33944.5270804644
2022-12-28,33695.19728629803
2022-12-29,34042.835930588946
2022-12-30,33872.95924649271
2023-01-03,33908.03923875903
2023-01-04,34084.69067147709
2023-01-05,33843.709758256824
2023-01-06,34577.54895407715
2023-01-09,34202.3063462336
2023-01-10,34273.66625290629
2023-01-11,34425.014512494825
2023-01-12,34741.0089044538
2023-01-13,34689.763185990014
2023-01-17,34535.6319845133
2023-01-18,34504.518242320075
2023-01-19,34495.47453936067
2023-01-20,34633.15862080539
2023-01-23,34830.09096710585
2023-01-24,34962.02490021918
2023-01-25,34990.134573863936
2023-01-26,35454.72361980643
2023-01-27,35216.211535224385
2023-01-30,34933.094382116076
2023-01-31,35382.61287866049
2023-02-01,35478.2613921479
2023-02-02,35392.49153393304
2023-02-03,34969.64118307578
2023-02-06,34796.44302659321
2023-02-07,34830.55482547361
2023-02-08,34684.72946720049
2023-02-09,34406.75602178929
2023-02-10,34724.77621936296
2023-02-13,34925.905173824365
2023-02-14,34856.65373148332
2023-02-15,34550.13214096919
2023-02-16,34321.026419840295
2023-02-17,34441.62191802302
2023-02-21,33778.411528355624
2023-02-22,34060.13599802622
2023-02-23,34382.756061108266
2023-02-24,33949.24974154727
2023-02-27,34050.936006068136
2023-02-28,34180.90138176526
2023-03-01,33850.9635765828
2023-03-02,33586.746208866105
2023-03-03,34376.32085868869
2023-03-06,34121.970495557944
2023-03-07,33685.73165832068
2023-03-08,33687.196775088894
2023-03-09,33727.71500017826
2023-03-10,34779.460772983766
2023-03-13,34843.71508954122
2023-03-14,34873.959065156
2023-03-15,35115.0168162199
2023-03-16,35372.65124856064
2023-03-17,35352.071135381695
2023-03-20,35538.95865322169
2023-03-21,35952.07585722462
2023-03-22,35751.97693711331
2023-03-23,35689.194258674856
2023-03-24,35801.49088607968
2023-03-27,35728.3181415694
2023-03-28,35933.628641368174
2023-03-29,36258.62306184834
2023-03-30,36479.684178994015
2023-03-31,36904.27183231808
2023-04-03,37563.36447915405
2023-04-04,37583.20556951753
2023-04-05,37822.94789559858
2023-04-06,37679.20694644338
2023-04-10,37571.7155186836
2023-04-11,37683.22310839848
2023-04-12,37566.130016252566
2023-04-13,37728.30910276459
2023-04-14,37566.48432789058
2023-04-17,37484.97320972457
2023-04-18,37463.57746444078
2023-04-19,37493.623269682466
2023-04-20,37445.56267461713
2023-04-21,37520.62064046847
2023-04-24,37719.06377469121
2023-04-25,37580.13853017994
2023-04-26,37173.729086181076
2023-04-27,37646.377499949675
2023-04-28,38040.524245244706
2023-05-01,37650.881569002886
2023-05-02,37850.58097451329
2023-05-03,37812.33839572969
2023-05-04,37477.54260098126
2023-05-05,37776.809325982875
2023-05-08,37587.33626998706
2023-05-09,37432.90378087707
2023-05-10,37616.97545911084
2023-05-11,37737.34083895333
2023-05-12,37543.21072272834
2023-05-15,37415.638008486916
2023-05-16,37196.3464350781
2023-05-17,37374.99131725173
2023-05-18,37369.3775230211
2023-05-19,37271.078033358084
2023-05-22,37216.62117839958
2023-05-23,37003.68504460141
2023-05-24,36725.34510745244
2023-05-25,36535.52715139873
2023-05-26,36827.33577056581
2023-05-30,37162.44692709516
2023-05-31,37129.9998796805
2023-06-01,37381.14397782264
2023-06-02,37641.906930455385
2023-06-05,37662.844557701246
2023-06-06,37734.81943905961
2023-06-07,37455.12265608148
2023-06-08,37794.58527625845
2023-06-09,37721.362898752704
2023-06-12,37801.47203144045
2023-06-13,37715.08363941815
2023-06-14,37746.30607772681
2023-06-15,38084.17664819828
2023-06-16,38024.84241617434
2023-06-20,37788.71715826779
2023-06-21,37789.41533950435
2023-06-22,37517.042937700404
2023-06-23,37512.489552316605
2023-06-26,37589.19601012813
2023-06-27,37625.59983223348
2023-06-28,37598.923743433115
2023-06-29,37552.53609978638
2023-06-30,37969.275931377466
2023-07-03,38019.65135643854
2023-07-05,37869.21142364917
2023-07-06,37599.54969304282
2023-07-07,37723.57900823356
2023-07-10,37840.4650866534
2023-07-11,38072.857168626855
2023-07-12,38449.14469438062
2023-07-13,38564.571012070526
2023-07-14,38436.54062495745
2023-07-17,38467.93049682247
2023-07-18,38771.98255813492
2023-07-19,38879.91584486654
2023-07-20,38678.54344205771
2023-07-21,38625.57274221334
2023-07-24,38573.48865114927
2023-07-25,38669.72774327429
2023-07-26,38814.71960615281
2023-07-27,38264.72818838442
2023-07-28,38559.24223806106
2023-07-31,38669.68134730913
2023-08-01,38323.37388869928
2023-08-02,38045.16387925796
2023-08-03,37867.47590020351
2023-08-04,38018.22010962251
2023-08-07,38038.862787018654
2023-08-08,38135.67263719757
2023-08-09,38135.27502549318
2023-08-10,38071.24776228787
2023-08-11,38238.11449557156
2023-08-14,38184.466259759654
2023-08-15,37749.10477272054
2023-08-16,37627.87446244927
2023-08-17,37479.15847265426
2023-08-18,37596.92509002361
2023-08-21,37561.994097016315
2023-08-22,37529.043600649995
2023-08-23,37736.113848951594
2023-08-24,37422.32901831174
2023-08-25,37692.97547417815
2023-08-28,37793.04598941768
2023-08-29,38093.19547500298
2023-08-30,38080.57923522833
2023-08-31,38035.36678823758
2023-09-01,37977.1561535865
2023-09-05,37619.332977936145
2023-09-06,37491.304430707154
2023-09-07,37533.83192551127
2023-09-08,37554.099436359655
2023-09-11,37699.92370837165
2023-09-12,37702.94634964037
2023-09-13,37651.86286367699
2023-09-14,37983.23895501385
2023-09-15,37701.705723785264
2023-09-18,37726.521017414234
2023-09-19,37607.25562982311
2023-09-20,37520.616967485046
2023-09-21,37080.60850489068
2023-09-22,37032.43134035509
2023-09-25,37101.10719794433
2023-09-26,36464.30958470856
2023-09-27,36205.33142027389
2023-09-28,36015.07755957529
2023-09-29,35875.25251169965
2023-10-02,35169.37227360043
2023-10-03,35103.385885317555
2023-10-04,35119.0081918582
2023-10-05,35134.17085765417
2023-10-06,35509.61215595058
2023-10-09,35861.81949528416
2023-10-10,36125.22488241601
2023-10-11,36403.710513321166
2023-10-12,36090.38983876122
2023-10-13,36745.317052815764
2023-10-16,36709.84912559964
2023-10-17,36623.92636989233
2023-10-18,36656.09864723666
2023-10-19,36631.730915023836
2023-10-20,36542.80724006246
2023-10-23,36453.95023715749
2023-10-24,36653.92424916725
2023-10-25,36283.17136071906
2023-10-26,36201.396431522975
2023-10-27,35705.22172958074
2023-10-30,35868.96699195672
2023-10-31,35988.82164070311
2023-11-01,36188.54689310321
2023-11-02,36846.21441914782
2023-11-03,37042.08066806822
2023-11-06,36819.26356662602
2023-11-07,36808.70342217929
2023-11-08,36684.21235477527
2023-11-09,36544.31914698348
2023-11-10,36522.434456435905
2023-11-13,36636.699286355266
2023-11-14,37202.52239892547
2023-11-15,37100.54582502858
2023-11-16,37322.17498339988
2023-11-17,37422.51435464629
2023-11-20,37454.78132425389
2023-11-21,37658.40124228384
2023-11-22,37631.87534859881
2023-11-24,37702.59960720103
2023-11-27,37889.57545379002
2023-11-28,38177.918369455496
2023-11-29,38260.25563645377
2023-11-30,38203.989868957775
2023-12-01,38809.14449521102
2023-12-04,38338.83696882731
2023-12-05,38299.3839586114
2023-12-06,38468.5353501949
2023-12-07,38499.099829065744
2023-12-08,38217.78154757358
2023-12-11,38073.667851901664
2023-12-12,38102.39775890588
2023-12-13,38869.968789443
2023-12-14,39244.03954534402
2023-12-15,39034.512154447904
2023-12-18,39126.8160334727
2023-12-19,39390.957965543574
2023-12-20,39094.9369709719
2023-12-21,39334.690693919576
2023-12-22,39426.181051561034
2023-12-26,39677.67207527735
2023-12-27,39894.955985206674
2023-12-28,39708.86397916961
2023-12-29,39597.91551451754
2024-01-02,39479.00308715615
2024-01-03,39186.03271277325
2024-01-04,39083.49733445243
2024-01-05,39046.481533983766
2024-01-08,39312.90402760226
2024-01-09,39126.32112250346
2024-01-10,39095.61547832132
2024-01-11,39127.67704901238
2024-01-12,39300.775211777975
2024-01-16,38896.073625097015
2024-01-17,38570.56707721481
2024-01-18,38766.03954218738
2024-01-19,38909.7611215261
2024-01-22,38888.89832257234
2024-01-23,38934.136794161706
2024-01-24,38663.82926356309
2024-01-25,38854.45430714294
2024-01-26,38855.92765415998
2024-01-29,39163.403452605875
2024-01-30,39263.603743753316
2024-01-31,39141.2358329786
2024-02-01,39681.030886413195
2024-02-02,39434.02168701024
2024-02-05,39094.08714823083
2024-02-06,39342.35778263306
2024-02-07,39387.44409877248
2024-02-08,39354.298510045
2024-02-09,39266.99541061397
2024-02-12,39262.75997131322
2024-02-13,38711.22026583294
2024-02-14,38860.76891875728
2024-02-15,39167.46512804156
2024-02-16,39159.01462140243
2024-02-20,39244.81834099911
2024-02-21,39294.630062569355
2024-02-22,39468.196629410515
2024-02-23,39683.20249983841
2024-02-26,39595.86616945331
2024-02-27,39568.50319719573
2024-02-28,39675.67681553989
2024-02-29,39863.344728960175
2024-03-01,40339.045309269095
2024-03-04,40641.529302221315
2024-03-05,40767.567084516675
2024-03-06,41027.207853463726
2024-03-07,41247.29299773446
2024-03-08,41385.148295860214
2024-03-11,41409.147568814835
2024-03-12,41177.61373609816
2024-03-13,41339.32338149263
2024-03-14,41099.945353171206
2024-03-15,41000.119263824476
2024-03-18,41073.27590000824
2024-03-19,41177.33454375734
2024-03-20,41560.141348702
2024-03-21,41637.702061879034
2024-03-22,41458.41085966657
2024-03-25,41458.28461753201
2024-03-26,41507.51913902714
2024-03-27,41925.777180167075
2024-03-28,42216.705821625554
2024-04-01,42241.46638680974
2024-04-02,42458.463326491634
2024-04-03,42670.98116251254
2024-04-04,42473.65117589098
2024-04-05,42898.7266593049
2024-04-08,42967.19258300329
2024-04-09,43141.802830784436
2024-04-10,42607.981914138945
2024-04-11,43039.288680776765
2024-04-12,42530.92182973232
2024-04-15,42720.7619454047
2024-04-16,42470.85646647439
2024-04-17,42525.47552615451
2024-04-18,42562.857098653934
2024-04-19,42841.58679576557
2024-04-22,43052.76215491715
2024-04-23,43379.227056733616
2024-04-24,43463.922761684524
2024-04-25,43443.805027979724
2024-04-26,43305.85812790914
2024-04-29,43643.725681528245
2024-04-30,43224.704629031046
2024-05-01,43340.013713498185
2024-05-02,43518.09681039537
2024-05-03,43803.36606061057
2024-05-06,44078.108838662374
2024-05-07,44347.44304220485
2024-05-08,44231.06244393451
2024-05-09,44770.50032097101
2024-05-10,44913.133237579925
2024-05-13,44624.80464860189
2024-05-14,44875.58164230221
2024-05-15,45339.59408634246
2024-05-16,45195.25598536332
2024-05-17,45583.83713485071
2024-05-20,45621.723337710435
2024-05-21,45638.48314467414
2024-05-22,45130.6237800494
2024-05-23,44422.10095995023
2024-05-24,44550.25485466022
2024-05-28,44607.70932771574
2024-05-29,44142.275164250874
2024-05-30,44337.60380490439
2024-05-31,44430.97341891135
2024-06-03,44613.31736293515
2024-06-04,44468.82183689787
2024-06-05,44869.37554897913
2024-06-06,45021.91365498348
2024-06-07,44029.33624097447
2024-06-10,44254.246778053166
2024-06-11,44326.475348840955
2024-06-12,44493.37631303021
2024-06-13,44350.79310283076
2024-06-14,44599.76830463927
2024-06-17,44561.05250287084
2024-06-18,44743.96940146091
2024-06-20,45032.95538657319
2024-06-21,44673.705068906274
2024-06-24,44873.90468447061
2024-06-25,44674.2074000376
2024-06-26,44380.84827373603
2024-06-27,44693.87830806171
2024-06-28,44523.456460288726
2024-07-01,44392.45473878
2024-07-02,44563.51678056063
2024-07-03,44963.58002057246
2024-07-05,45347.51542580869
2024-07-08,45068.12219081334
2024-07-09,45050.945352247414
2024-07-10,45277.26205613607
2024-07-11,45829.32730841226
2024-07-12,45953.85036073089
2024-07-15,45978.04684382703
2024-07-16,46826.25577196362
2024-07-17,46602.395138847976
2024-07-18,46285.98788801648
2024-07-19,45724.00753507755
2024-07-22,45828.16372084746
2024-07-23,45636.28649369644
2024-07-24,45199.21347800319
2024-07-25,44929.77409470039
2024-07-26,45319.29590752184
2024-07-29,45372.370692117955
2024-07-30,45466.355254022055
2024-07-31,45900.01917368672
2024-08-01,46015.30387758089
2024-08-02,45730.35379025843
2024-08-05,44589.62859388612
2024-08-06,44573.69214033998
2024-08-07,44216.638784269024
2024-08-08,44887.25982797104
2024-08-09,45129.24865920926
2024-08-12,45034.77071443629
2024-08-13,45476.931684068775
2024-08-14,45661.89128839762
2024-08-15,45985.61466012156
2024-08-16,46158.9369281163
2024-08-19,46263.18909493265
2024-08-20,46355.85149629235
2024-08-21,46442.6279158933
2024-08-22,46011.797496485604
2024-08-23,46503.85331260271
2024-08-26,46605.61491530524
2024-08-27,46637.794119820865
2024-08-28,46401.740463572416
2024-08-29,46573.913562892696
2024-08-30,46880.770987940625
2024-09-03,46506.85293804152
2024-09-04,46623.781779639445
2024-09-05,46225.72176374298
2024-09-06,46083.60250790829
2024-09-09,46393.07082478126
2024-09-10,46678.137624652816
2024-09-11,46897.303915128214
2024-09-12,47491.45575993771
2024-09-13,47651.510597062166
2024-09-16,47969.15493394667
2024-09-17,47768.09016007596
2024-09-18,47492.39936450602
2024-09-19,47735.31539284498
2024-09-20,47584.429155927086
2024-09-23,47753.32208728888
2024-09-24,48169.14697739039
2024-09-25,48000.7536343524
2024-09-26,48170.012477718345
2024-09-27,48064.964825230534
2024-09-30,47870.83420597135
2024-10-01,48201.68867850932
2024-10-02,48098.9869988368
2024-10-03,47678.979621011706
2024-10-04,47664.65742061353
2024-10-07,47316.8536940502
2024-10-08,47374.658194524614
2024-10-09,47148.28951558389
2024-10-10,46977.5944759047
2024-10-11,46824.30161548841
2024-10-14,46867.53769223928
2024-10-15,47352.732446080525
2024-10-16,47556.1404340442
2024-10-17,46860.84682902717
2024-10-18,46901.533786167565
2024-10-21,46125.28603087367
2024-10-22,46301.94578112672
2024-10-23,45912.47318636341
2024-10-24,46195.715244632775
2024-10-25,45954.18188042389
2024-10-28,45838.017229084355
2024-10-29,45884.63014727604
2024-10-30,46009.65090770252
2024-10-31,46052.30709627266
2024-11-01,45461.164237428064
2024-11-04,45425.85998947366
2024-11-05,45742.30122700636
2024-11-06,45515.857774409116
2024-11-07,46055.564849254624
2024-11-08,46158.43171666944
2024-11-11,45690.442279942385
2024-11-12,45253.94926209483
2024-11-13,45013.032474869084
2024-11-14,44814.001733629244
2024-11-15,44680.82191352715
2024-11-18,45201.84270439869
2024-11-19,45270.872570049476
2024-11-20,45383.59903981484
2024-11-21,45722.72676567132
2024-11-22,46196.084651114135
2024-11-25,45727.48433149398
2024-11-26,45796.42468340155
2024-11-27,45855.78841937588
2024-11-29,46223.62880583016
2024-12-02,45967.849403561464
2024-12-03,45892.71183027221
2024-12-04,46061.688561923496
2024-12-05,45855.90025059385
2024-12-06,45887.090742375985
2024-12-09,45975.074346758636
2024-12-10,46238.878410472396
2024-12-11,46431.993955717415
2024-12-12,45911.661110625224
2024-12-13,45540.587179740265
2024-12-16,45620.51000455114
2024-12-17,45476.11026564813
2024-12-18,44479.925648957535
2024-12-19,44381.37981050244
2024-12-20,44840.70984283508
2024-12-23,45033.91162455143
2024-12-24,45276.29399715811
2024-12-26,45426.23911338866
2024-12-27,45084.06106575909
2024-12-30,44901.144763778255
2024-12-31,45000.26768384411
2025-01-02,45175.520815885175
2025-01-03,45588.07336846833
2025-01-06,45420.69008586622
2025-01-07,45408.35420114263
2025-01-08,45586.49635122976
2025-01-10,45307.37440869461
2025-01-13,45343.39001834941
2025-01-14,45051.17679288565
2025-01-15,45335.706015260475
2025-01-16,45841.22307929284
2025-01-17,45903.858781934505
2025-01-21,46472.52429926407
2025-01-22,46080.21094602975
2025-01-23,46111.082726574474
2025-01-24,46248.62473911802
2025-01-27,46023.81843664559
2025-01-28,46125.31763269469
2025-01-29,46046.96555188412
2025-01-30,46663.92985523649
2025-01-31,46349.059627711766
2025-02-03,46460.09834306824
2025-02-04,46459.26811216254
2025-02-05,46848.56279121156
2025-02-06,46666.23961247587
2025-02-07,46492.60537504685
2025-02-10,47012.6487355266
2025-02-11,47095.78778916914
2025-02-12,46950.21232694109
2025-02-13,47404.9329153481
2025-02-14,47029.229697332
2025-02-18,47438.928752524895
2025-02-19,47502.205043950686
2025-02-20,47466.979548924435
2025-02-21,47261.73054671161
2025-02-24,47372.29642097589
2025-02-25,47278.77994949797
2025-02-26,47249.11560544356
2025-02-27,47044.046724906926
2025-02-28,47599.59000619403
2025-03-03,47763.81914816538
2025-03-04,47253.42843930561
2025-03-05,47518.152445596636
2025-03-06,47394.95573266861
2025-03-07,47409.94935400173
2025-03-10,47145.199264433984
2025-03-11,46661.31353970215
2025-03-12,46210.85136455901
2025-03-13,46104.42550449351
2025-03-14,46344.49145722056
2025-03-17,46868.74566909505
2025-03-18,46840.672374393
2025-03-19,46932.75063626038
2025-03-20,46933.391839176926
2025-03-21,46773.55973669003
2025-03-24,46967.710480245616
2025-03-25,46537.53880598291
2025-03-26,46527.586366620126
2025-03-27,46514.92919650592
2025-03-28,46421.6649834034
2025-03-31,46886.72637351515
2025-04-01,46421.5400942209
2025-04-02,46620.11404268005
2025-04-03,46314.77900913935
2025-04-04,44395.26333926794
2025-04-07,43885.27954469863
2025-04-08,43311.97967696294
2025-04-09,44927.12633647215
2025-04-10,43799.81157201549
2025-04-11,44370.67614817468
2025-04-14,44873.06227852751
2025-04-15,44683.95246376182
2025-04-16,44396.45003602541
2025-04-17,44261.416632466746
2025-04-21,43415.32828547346
2025-04-22,44092.767136895236
2025-04-23,44294.36049184239
2025-04-24,44745.94840842504
2025-04-25,44930.2742835002
2025-04-28,45105.32461885939
2025-04-29,45462.86311339673
2025-04-30,45095.2653702588
2025-05-01,44878.96159967791
2025-05-02,44477.35684896556
2025-05-05,44228.41584264286
2025-05-06,44347.55132416579
2025-05-07,44529.60162090549
2025-05-08,44093.553145339414
2025-05-09,44166.36017457072
2025-05-12,43878.010281321476
2025-05-13,43730.97544573911
2025-05-14,43160.22497076194
2025-05-15,43708.71325875958
2025-05-16,43600.62437675069
2025-05-19,43887.701754987844
2025-05-20,44226.99050156427
2025-05-21,44031.64172924734
2025-05-22,43842.68584276576
2025-05-23,43908.72954857582
2025-05-27,44522.99649176382
2025-05-28,44317.58705968696
2025-05-29,44548.08298615965
2025-05-30,44596.419755936615
2025-06-02,44235.79881500551
2025-06-03,44107.69279101178
2025-06-04,44295.70057158984
2025-06-05,44065.54857106629
2025-06-06,43816.45114308703
2025-06-09,43946.577456427345
2025-06-10,44033.61853087265
2025-06-11,44163.04951779876
2025-06-12,44522.92825490345
2025-06-13,44667.29121472504
2025-06-16,44351.618855321336
2025-06-17,44832.94330884331
2025-06-18,44894.748646380925
2025-06-20,44826.34925469455
2025-06-23,44964.464670196256
2025-06-24,45266.415238276255
2025-06-25,45300.27212517026
2025-06-26,45441.50089481968
2025-06-27,45102.711768367924
2025-06-30,45469.49669761759
2025-07-01,45781.58246266763
2025-07-02,45924.809793731154
2025-07-03,45803.653564712564
2025-07-07,45672.79994941134
2025-07-08,45407.69587027244
2025-07-09,45644.3991934719
2025-07-10,45810.07624287615
2025-07-11,45919.934650076924
2025-07-14,45860.137455874254
2025-07-15,45552.46672142727
2025-07-16,45711.92624913336
2025-07-17,45761.10232576399
2025-07-18,45853.62778669196
2025-07-21,46250.69667945415
2025-07-22,46621.35071976297
2025-07-23,46444.035081091
2025-07-24,46207.93865338924
2025-07-25,46133.39330940183
2025-07-28,45912.65664018287
2025-07-29,46021.83677063424
2025-07-30,45486.19508055905
2025-07-31,45590.38807231362
2025-08-01,45963.461734339005
2025-08-04,46262.47403690952
2025-08-05,46393.604496993044
2025-08-06,46385.98153390163
2025-08-07,46587.222165665284
2025-08-08,46578.02158589428
2025-08-11,46207.47589940019
2025-08-12,46284.141846299346
2025-08-13,46516.120841465585
2025-08-14,46221.640369207154
2025-08-15,46154.68962398865
2025-08-18,46122.738257321354
2025-08-19,46077.00026008292
2025-08-20,46316.67276343339
2025-08-21,46135.74689770159
2025-08-22,46587.87767959383
2025-08-25,46168.39235243264
2025-08-26,46417.86688061299
2025-08-27,46479.90227886815
2025-08-28,46708.888348396045
2025-08-29,46813.0105550882
2025-09-02,47241.55342325064
2025-09-03,47451.88814139187
2025-09-04,47573.84514436193
2025-09-05,47520.254109313006
2025-09-08,47900.40559773073
2025-09-09,47770.92933220637
2025-09-10,47926.98327410319
2025-09-11,48111.069396911626
2025-09-12,48080.726279668954
2025-09-15,48395.785808850436
2025-09-16,48472.427062406605
2025-09-17,48236.74557621236
2025-09-18,48103.09984712179
2025-09-19,48374.30236713727
2025-09-22,48786.1747755992
2025-09-23,48943.921916882064
2025-09-24,48704.853793528426
2025-09-25,48678.52634935464
2025-09-26,48986.210303448664
2025-09-29,49489.295990700964
2025-09-30,49731.8112926718
2025-10-01,49816.173046212985
2025-10-02,49712.08299263825
2025-10-03,49920.99393816622
2025-10-06,50427.833096931645
2025-10-07,50518.31839126401
2025-10-08,51028.04446850108
2025-10-09,50379.619836696766
2025-10-10,50430.18816260054
2025-10-13,51259.865717719964
2025-10-14,51426.31471098634
2025-10-15,51326.23552787115
2025-10-16,51661.68405810199
2025-10-17,51602.84981482674
2025-10-20,51834.611219946266
2025-10-21,52063.753646694764
2025-10-22,51968.441191939935
2025-10-23,52151.198729996075
2025-10-24,52050.46180001117
2025-10-27,51434.76160121745
2025-10-28,51147.22282086509
2025-10-29,50910.73471296569
2025-10-30,51261.28671170899
2025-10-31,51216.78473972292
2025-11-03,51237.41975521702
2025-11-04,50617.4280661786
2025-11-05,50929.17019316132
2025-11-06,51337.76562789752
2025-11-07,51602.9242670746
2025-11-10,51635.6589738148
2025-11-11,51885.13483455054
2025-11-12,52300.712695556635
2025-11-13,51776.75278853574
2025-11-14,51247.37418339933
2025-11-17,51178.568800035675
2025-11-18,51397.80120311116
2025-11-19,51275.19966135137
2025-11-20,51117.31999972864
2025-11-21,51927.5986550679
2025-11-24,52085.01067274001
2025-11-25,52958.9922305554
2025-11-26,53007.406406923306
2025-11-28,53248.14226136637
2025-12-01,52611.66543845331
2025-12-02,52342.677546264014
2025-12-03,52496.47474456096
2025-12-04,52487.783232078924
2025-12-05,52385.74554202883
2025-12-08,52157.9409423348
2025-12-09,52259.505148544114
2025-12-10,52637.758529685845
2025-12-11,53049.90744192655
