Date,equity
2015-01-02,10000.0
2015-01-05,9770.315546185762
2015-01-06,9583.341444091204
2015-01-07,9739.451623124069
2015-01-08,10014.962561286686
2015-01-09,9893.022093963025
2015-01-12,9773.956964089728
2015-01-13,9760.561599403001
2015-01-14,9651.819899459531
2015-01-15,9456.679560322953
2015-01-16,9658.430294196605
2015-01-20,9699.935743559106
2015-01-21,9739.350008034375
2015-01-22,9983.134588762066
2015-01-23,10012.681673566827
2015-01-26,10020.659954376433
2015-01-27,9744.863386929115
2015-01-28,9637.60779642335
2015-01-29,9783.50709565059
2015-01-30,9630.958384969166
2015-02-02,9748.330853868401
2015-02-03,9930.656517106841
2015-02-04,9963.200082449957
2015-02-05,9860.091636558182
2015-02-06,9781.378715018498
2015-02-09,9767.796465573934
2015-02-10,9720.979631681788
2015-02-11,9745.412888205892
2015-02-12,9688.672925897221
2015-02-13,9620.984291965491
2015-02-17,9516.159211141412
2015-02-18,9560.865679869064
2015-02-19,9578.61585855953
2015-02-20,9645.15780141098
2015-02-23,9616.552266212619
2015-02-24,9652.708688727758
2015-02-25,9680.224147203859
2015-02-26,9662.375648991674
2015-02-27,9621.799456848557
2015-03-02,9714.973632526955
2015-03-03,9690.156245718072
2015-03-04,9728.264074506184
2015-03-05,9757.388356102841
2015-03-06,9747.472425362954
2015-03-09,9787.796083529362
2015-03-10,9915.202371353987
2015-03-11,10023.9857251735
2015-03-12,9984.327170342294
2015-03-13,10045.868238180978
2015-03-16,10032.562529852072
2015-03-17,10071.055086245198
2015-03-18,10014.981552843125
2015-03-19,10102.818181485029
2015-03-20,10024.876059139957
2015-03-23,9932.01527080209
2015-03-24,10003.88346076462
2015-03-25,9938.131197996307
2015-03-26,9890.728151098601
2015-03-27,9956.648188151968
2015-03-30,9998.543232810738
2015-03-31,10024.671827989194
2015-04-01,10107.823634176662
2015-04-02,9996.625310615784
2015-04-06,9922.914275036172
2015-04-07,10040.288490695142
2015-04-08,10049.689228704421
2015-04-09,10034.880612555597
2015-04-10,10058.643326404102
2015-04-13,10083.455596047224
2015-04-14,10080.734162810828
2015-04-15,10044.41653291774
2015-04-16,9961.475051221798
2015-04-17,10021.545897528746
2015-04-20,10192.271271571006
2015-04-21,10185.129330467733
2015-04-22,10229.260709028684
2015-04-23,10289.541752519966
2015-04-24,10351.49203549264
2015-04-27,10223.030123021652
2015-04-28,10250.276929861324
2015-04-29,10106.312144876561
2015-04-30,9866.245856212241
2015-05-01,10112.11066907922
2015-05-04,10140.600672639024
2015-05-05,9911.57995733611
2015-05-06,9878.953272521372
2015-05-07,9967.726483237042
2015-05-08,10202.202918561105
2015-05-11,10128.99194978655
2015-05-12,10062.10277535099
2015-05-13,10036.916640386016
2015-05-14,10240.244562278695
2015-05-15,10288.779963944022
2015-05-18,10332.996502048742
2015-05-19,10307.85272794237
2015-05-20,10322.103170509106
2015-05-21,10316.353584477014
2015-05-22,10267.250561208672
2015-05-26,10046.35894055428
2015-05-27,10201.498726690446
2015-05-28,10208.814041694892
2015-05-29,10157.421719373933
2015-06-01,10198.667996201995
2015-06-02,10132.990298072515
2015-06-03,10117.02907863671
2015-06-04,9975.097184647011
2015-06-05,9887.91339189291
2015-06-08,9845.021765760885
2015-06-09,9871.609883216592
2015-06-10,10086.759979404662
2015-06-11,10140.045232261284
2015-06-12,9982.606481296245
2015-06-15,9987.945396608198
2015-06-16,10070.094870705783
2015-06-17,10124.957711757153
2015-06-18,10391.086572849788
2015-06-19,10367.604329378488
2015-06-22,10410.687984312768
2015-06-23,10382.785572680807
2015-06-24,10233.63577157248
2015-06-25,10283.068029658214
2015-06-26,10280.19510275095
2015-06-29,9970.189714430611
2015-06-30,10044.742125634173
2015-07-01,10233.214212725927
2015-07-02,10144.629374674705
2015-07-06,10115.175051435668
2015-07-07,10202.088416381344
2015-07-08,9891.896366417852
2015-07-09,9992.546108491282
2015-07-10,10222.170608968641
2015-07-13,10367.34566341778
2015-07-14,10535.529241728103
2015-07-15,10550.898565897909
2015-07-16,10629.509285896755
2015-07-17,10587.561319000937
2015-07-20,10587.883182077041
2015-07-21,10515.503387806053
2015-07-22,10529.614024829303
2015-07-23,10404.94550722858
2015-07-24,10271.864831047693
2015-07-27,10161.185160745663
2015-07-28,10368.571612638505
2015-07-29,10487.293733335258
2015-07-30,10491.54218799565
2015-07-31,10463.58706779526
2015-08-03,10401.750097573558
2015-08-04,10365.197840238156
2015-08-05,10426.562941199076
2015-08-06,10274.951426049725
2015-08-07,10238.994548542261
2015-08-10,10422.668345704513
2015-08-11,10247.615106065125
2015-08-12,10307.64571402769
2015-08-13,10265.995788427475
2015-08-14,10335.458001640412
2015-08-17,10458.5682740167
2015-08-18,10411.090709150441
2015-08-19,10339.179805384185
2015-08-20,10055.7375461574
2015-08-21,9655.83002029248
2015-08-24,9167.731003413015
2015-08-25,9013.730757457977
2015-08-26,9364.757455548293
2015-08-27,9360.695051623366
2015-08-28,9355.695800140213
2015-08-31,9337.65748383912
2015-09-01,9373.49646547754
2015-09-02,9352.937034265316
2015-09-03,9372.000067119989
2015-09-04,9396.50727901254
2015-09-08,9361.094773499179
2015-09-09,9363.381138201454
2015-09-10,9346.618290456801
2015-09-11,9368.466835869775
2015-09-14,9375.221667394038
2015-09-15,9308.71364565081
2015-09-16,9306.134603688763
2015-09-17,9378.962924517797
2015-09-18,9417.934659247305
2015-09-21,9370.379051259704
2015-09-22,9411.861300756846
2015-09-23,9401.793676742007
2015-09-24,9415.573194839291
2015-09-25,9393.10463903989
2015-09-28,9441.966808598834
2015-09-29,9471.746367114956
2015-09-30,9473.561435511514
2015-10-01,9480.717428071874
2015-10-02,9528.107803322077
2015-10-05,9475.430653674533
2015-10-06,9494.354357057597
2015-10-07,9470.184833983743
2015-10-08,9444.683227611866
2015-10-09,9450.069805152687
2015-10-12,9482.176461401446
2015-10-13,9492.081411296722
2015-10-14,9548.959361217141
2015-10-15,9513.976942560606
2015-10-16,9504.69684188682
2015-10-19,9500.996557043849
2015-10-20,9466.006866556745
2015-10-21,9500.503908162891
2015-10-22,9511.407185502863
2015-10-23,9453.572082119856
2015-10-26,9479.640267912064
2015-10-27,9505.79638543619
2015-10-28,9633.064285562337
2015-10-29,9629.320350564698
2015-10-30,9594.715642143738
2015-11-02,9697.595577957705
2015-11-03,9748.692403283514
2015-11-04,9722.439110054793
2015-11-05,9716.351976386188
2015-11-06,9731.819582747768
2015-11-09,9586.020199291299
2015-11-10,9595.340716953324
2015-11-11,9560.279380787715
2015-11-12,9442.048943249254
2015-11-13,9184.837543862614
2015-11-16,9341.81448306212
2015-11-17,9352.29360144525
2015-11-18,9548.673088029358
2015-11-19,9572.765892745512
2015-11-20,9704.537017358929
2015-11-23,9683.077874234617
2015-11-24,9665.687161251091
2015-11-25,9715.057671749491
2015-11-27,9729.126136932282
2015-11-30,9648.341724378146
2015-12-01,9832.352242688397
2015-12-02,9632.165373677626
2015-12-03,9375.690879448433
2015-12-04,9697.761172292685
2015-12-07,9594.829940923644
2015-12-08,9482.95065306666
2015-12-09,9284.482785800912
2015-12-10,9335.538134871804
2015-12-11,9012.771213694896
2015-12-14,9084.47202139008
2015-12-15,9172.542215053818
2015-12-16,9397.85854386841
2015-12-17,9176.688888493061
2015-12-18,8936.152880749434
2015-12-21,9051.967125323024
2015-12-22,9138.643526988422
2015-12-23,9228.981510391734
2015-12-24,9218.517363177703
2015-12-28,9209.131226630789
2015-12-29,9341.52790066339
2015-12-30,9245.694194129299
2015-12-31,9131.106997811303
2016-01-04,8946.79704308077
2016-01-05,8959.396209489521
2016-01-06,8815.24713255964
2016-01-07,8558.809988749108
2016-01-08,8443.464390633508
2016-01-11,8478.4943859437
2016-01-12,8565.788691181446
2016-01-13,8603.51590889433
2016-01-14,8569.629727832229
2016-01-15,8635.081677563781
2016-01-19,8647.788918214734
2016-01-20,8675.677975929948
2016-01-21,8636.58978864911
2016-01-22,8656.185107786125
2016-01-25,8651.090867011493
2016-01-26,8642.507965750408
2016-01-27,8640.870594102314
2016-01-28,8618.006457619842
2016-01-29,8703.494542437198
2016-02-01,8654.004028954954
2016-02-02,8678.362080344177
2016-02-03,8570.112172899408
2016-02-04,8539.355274178226
2016-02-05,8570.617790872806
2016-02-08,8586.68236562936
2016-02-09,8544.383019761539
2016-02-10,8544.405492190413
2016-02-11,8546.29022314791
2016-02-12,8541.83062458873
2016-02-16,8582.910758670907
2016-02-17,8570.01125877682
2016-02-18,8592.890568287616
2016-02-19,8574.677578266723
2016-02-22,8620.774484323952
2016-02-23,8632.461262892639
2016-02-24,8637.88502211374
2016-02-25,8646.20492500319
2016-02-26,8669.33512760169
2016-02-29,8587.15186332307
2016-03-01,8852.84928755708
2016-03-02,8872.639809850987
2016-03-03,8919.914889882995
2016-03-04,8945.475402985512
2016-03-07,9252.376707448087
2016-03-08,8885.76392690102
2016-03-09,8906.682848437586
2016-03-10,9116.440239185824
2016-03-11,9061.3833729638
2016-03-14,9020.961236513833
2016-03-15,8905.161863238607
2016-03-16,9214.59743415295
2016-03-17,9336.752031467517
2016-03-18,9381.683745817398
2016-03-21,9347.815706312356
2016-03-22,9359.867797802091
2016-03-23,9009.297499637136
2016-03-24,9097.188736548615
2016-03-28,9111.180472473696
2016-03-29,9289.239392026353
2016-03-30,9257.892502892786
2016-03-31,9178.705171322681
2016-04-01,9216.365886624353
2016-04-04,9060.675269358391
2016-04-05,9091.142181114958
2016-04-06,9124.37353229796
2016-04-07,9041.30372053405
2016-04-08,9208.03005638569
2016-04-11,9423.086637045517
2016-04-12,9545.553881949792
2016-04-13,9644.325496349702
2016-04-14,9604.895306947843
2016-04-15,9681.087272815761
2016-04-18,9762.143124044778
2016-04-19,10027.609274495322
2016-04-20,9943.905468314104
2016-04-21,9918.59177215224
2016-04-22,9875.328712224957
2016-04-25,9754.2728384373
2016-04-26,9865.735486009295
2016-04-27,10039.526979442504
2016-04-28,10128.716493631302
2016-04-29,10219.720627843932
2016-05-02,10227.18827857704
2016-05-03,9970.076496115715
2016-05-04,9842.374589736048
2016-05-05,9778.36866903459
2016-05-06,9848.146428702457
2016-05-09,9504.78318493268
2016-05-10,9658.290171615905
2016-05-11,9702.632712011991
2016-05-12,9611.748604094568
2016-05-13,9600.96032833398
2016-05-16,9666.755173744768
2016-05-17,9691.749242469119
2016-05-18,9437.536954549372
2016-05-19,9476.385563703212
2016-05-20,9494.216687294196
2016-05-23,9565.562703822383
2016-05-24,9501.482206165816
2016-05-25,9658.41309984235
2016-05-26,9655.524468467864
2016-05-27,9572.59923141439
2016-05-31,9704.20381513347
2016-06-01,9705.208367889109
2016-06-02,9729.401060059969
2016-06-03,9938.784367134562
2016-06-06,10059.765198174333
2016-06-07,10061.599064956705
2016-06-08,10261.547935815113
2016-06-09,10144.222626278106
2016-06-10,10035.024521813775
2016-06-13,10024.121047400971
2016-06-14,9895.136643512731
2016-06-15,10057.819889943465
2016-06-16,9989.544133977943
2016-06-17,10085.048427599977
2016-06-20,10209.07438733469
2016-06-21,10135.849871307188
2016-06-22,10095.19308111417
2016-06-23,10223.488615482096
2016-06-24,9927.749244899534
2016-06-27,9753.302867001199
2016-06-28,9883.488949605979
2016-06-29,10016.00701073055
2016-06-30,10171.0469368101
2016-07-01,10286.642205904882
2016-07-05,10186.062228544346
2016-07-06,10285.404687240103
2016-07-07,10228.091821114214
2016-07-08,10392.542467662754
2016-07-11,10446.692396094617
2016-07-12,10546.183184143083
2016-07-13,10564.539259033792
2016-07-14,10598.906327483244
2016-07-15,10609.022276116773
2016-07-18,10608.629240819675
2016-07-19,10486.559783454415
2016-07-20,10395.174630427526
2016-07-21,10426.768936501034
2016-07-22,10438.510862012274
2016-07-25,10340.293412853427
2016-07-26,10522.831399890809
2016-07-27,10577.50270947935
2016-07-28,10606.510993224327
2016-07-29,10667.331077569503
2016-08-01,10590.749519466268
2016-08-02,10576.584829094627
2016-08-03,10639.380828778794
2016-08-04,10636.949532609035
2016-08-05,10638.200769776638
2016-08-08,10663.508399132998
2016-08-09,10597.531872328114
2016-08-10,10547.447845429171
2016-08-11,10565.579767299345
2016-08-12,10485.266582396429
2016-08-15,10622.47386181942
2016-08-16,10601.550574568575
2016-08-17,10580.388487214652
2016-08-18,10677.900617635216
2016-08-19,10535.331515544523
2016-08-22,10526.476247340064
2016-08-23,10537.301154080058
2016-08-24,10311.67691527436
2016-08-25,10368.143639867687
2016-08-26,10337.699615520482
2016-08-29,10424.849320516205
2016-08-30,10274.947568290485
2016-08-31,10216.547143468317
2016-09-01,10263.32078909227
2016-09-02,10317.922258815282
2016-09-06,10305.238190805007
2016-09-07,10320.268099233252
2016-09-08,10303.506469515174
2016-09-09,10083.749759037473
2016-09-12,10178.152292577766
2016-09-13,10036.942321926383
2016-09-14,10026.830833223677
2016-09-15,10093.985365553963
2016-09-16,10067.90040376707
2016-09-19,10076.7706610413
2016-09-20,10070.1447794546
2016-09-21,10161.059614134036
2016-09-22,10232.038736932398
2016-09-23,10167.180831251711
2016-09-26,10080.080279196662
2016-09-27,10158.12930695218
2016-09-28,10232.451202374215
2016-09-29,10114.093128955452
2016-09-30,10218.58140408535
2016-10-03,10195.55066980913
2016-10-04,10135.772397325376
2016-10-05,10221.240114874014
2016-10-06,10223.833186671354
2016-10-07,10183.705613860491
2016-10-10,10271.065145287774
2016-10-11,10120.954148098916
2016-10-12,10118.08984153332
2016-10-13,10041.001093085948
2016-10-14,10052.902501573551
2016-10-17,10024.503126651749
2016-10-18,10102.603303470316
2016-10-19,10144.109435470082
2016-10-20,10118.422012247189
2016-10-21,10133.025980260614
2016-10-24,10227.14276721343
2016-10-25,10177.336922891236
2016-10-26,10122.356223912137
2016-10-27,10071.208869847636
2016-10-28,10026.824673697578
2016-10-31,10024.339859610944
2016-11-01,9925.455575523629
2016-11-02,9829.158463979207
2016-11-03,9746.330195471532
2016-11-04,9777.362880185301
2016-11-07,9727.052115190467
2016-11-08,9684.350024183666
2016-11-09,9504.605097093045
2016-11-10,9434.490336166498
2016-11-11,9409.862609701098
2016-11-14,9556.94704556924
2016-11-15,9591.017747109134
2016-11-16,9520.22442416169
2016-11-17,9622.01514223706
2016-11-18,9639.693865954356
2016-11-21,9701.457252855022
2016-11-22,9757.569510427205
2016-11-23,9828.703404337464
2016-11-25,9870.641634004103
2016-11-28,9735.029446685177
2016-11-29,9751.4183797425
2016-11-30,9785.14823713229
2016-12-01,9841.288007808553
2016-12-02,9787.070205154425
2016-12-05,9930.418275581407
2016-12-06,10030.172027424724
2016-12-07,10248.35468703125
2016-12-08,10352.25835905628
2016-12-09,10408.04932895887
2016-12-12,10269.426879141973
2016-12-13,10277.510769981156
2016-12-14,10124.645496468193
2016-12-15,10232.547150131666
2016-12-16,10153.730907771433
2016-12-19,10199.71940753622
2016-12-20,10340.487037856466
2016-12-21,10281.16344804737
2016-12-22,10207.234554221593
2016-12-23,10251.75316799423
2016-12-27,10303.222943300481
2016-12-28,10121.203288092789
2016-12-29,10074.318266428674
2016-12-30,10039.903063555777
2017-01-03,10177.615739818286
2017-01-04,10371.525546563817
2017-01-05,10227.111110925482
2017-01-06,10257.389115789605
2017-01-09,10150.546312339191
2017-01-10,10226.94272392235
2017-01-11,10323.854021296069
2017-01-12,10204.571238436258
2017-01-13,10289.410180416358
2017-01-17,10022.271595965316
2017-01-18,10122.046891528877
2017-01-19,10065.633498730875
2017-01-20,10144.916230837971
2017-01-23,10067.108966957043
2017-01-24,10314.54583126551
2017-01-25,10518.79844453445
2017-01-26,10532.709905568167
2017-01-27,10479.744472537115
2017-01-30,10308.906113956455
2017-01-31,10263.051966544825
2017-02-01,10321.600100175425
2017-02-02,10308.071346933342
2017-02-03,10373.660820832307
2017-02-06,10362.58591967591
2017-02-07,10394.06125311273
2017-02-08,10440.647522481404
2017-02-09,10522.65532924771
2017-02-10,10597.330782581435
2017-02-13,10677.731745333778
2017-02-14,10754.836881650925
2017-02-15,10851.035159833844
2017-02-16,10834.174175954018
2017-02-17,10898.164104232419
2017-02-21,11008.251067871122
2017-02-22,11012.262402732647
2017-02-23,10961.777162382816
2017-02-24,11012.652715609856
2017-02-27,11029.352137452233
2017-02-28,10930.596395911587
2017-03-01,11340.145332651418
2017-03-02,11109.822670859663
2017-03-03,11151.247344766793
2017-03-06,11048.380828088646
2017-03-07,10982.312857539555
2017-03-08,10942.0322983885
2017-03-09,10942.26932434195
2017-03-10,10990.316295223183
2017-03-13,11010.631393605137
2017-03-14,11078.542439366762
2017-03-15,10847.696375751577
2017-03-16,10781.49121400258
2017-03-17,10788.95899974204
2017-03-20,10796.481213794486
2017-03-21,10676.542701318967
2017-03-22,10661.611936078778
2017-03-23,10684.276847776468
2017-03-24,10676.695584513727
2017-03-27,10570.833103679857
2017-03-28,10675.753432485451
2017-03-29,10713.421686358855
2017-03-30,10843.82321799871
2017-03-31,10836.098049101613
2017-04-03,10836.098049101613
2017-04-04,10859.554590575819
2017-04-05,10851.54011662264
2017-04-06,10900.395761912298
2017-04-07,10997.972891993693
2017-04-10,10956.781100427508
2017-04-11,10890.990950665171
2017-04-12,10784.611211471018
2017-04-13,10858.5937158171
2017-04-17,10800.769932632737
2017-04-18,10617.354177506697
2017-04-19,10691.743347718859
2017-04-20,10700.042548782667
2017-04-21,10716.63456677416
2017-04-24,10517.333932410398
2017-04-25,10459.748741201362
2017-04-26,10508.97301446289
2017-04-27,10541.865022647826
2017-04-28,10517.156561965985
2017-05-01,10533.608936820528
2017-05-02,10500.676652615997
2017-05-03,10582.87392545258
2017-05-04,10450.847377958495
2017-05-05,10418.047467828756
2017-05-08,10532.666721142392
2017-05-09,10639.680255916724
2017-05-10,10647.954656698003
2017-05-11,10656.23227369887
2017-05-12,10548.594237822574
2017-05-15,10490.928102390673
2017-05-16,10334.838107192281
2017-05-17,10196.22548615586
2017-05-18,10269.112781617378
2017-05-19,10122.815425826955
2017-05-22,10090.540319208485
2017-05-23,10179.159144832083
2017-05-24,10114.426665543006
2017-05-25,10138.624804261462
2017-05-26,10187.075339390052
2017-05-30,10162.792325860364
2017-05-31,10185.295011670893
2017-06-01,10182.448847037882
2017-06-02,10353.693095164377
2017-06-05,10266.389059970948
2017-06-06,10354.294716091592
2017-06-07,10283.2718961217
2017-06-08,10240.140832790272
2017-06-09,10214.907310617835
2017-06-12,10209.609845178378
2017-06-13,10214.223181589128
2017-06-14,10433.868367978837
2017-06-15,10401.250990717397
2017-06-16,10429.717964755191
2017-06-19,10391.026246796362
2017-06-20,10516.615198745805
2017-06-21,10540.710542065233
2017-06-22,10600.069885164334
2017-06-23,10587.377555072218
2017-06-26,10618.743850416076
2017-06-27,10425.214202107918
2017-06-28,10479.184846978202
2017-06-29,10283.275483882342
2017-06-30,10279.545410267247
2017-07-03,10278.957659599624
2017-07-05,10331.862291976302
2017-07-06,10129.705724891963
2017-07-07,10175.932488342596
2017-07-10,10133.378445304414
2017-07-11,10113.440552092541
2017-07-12,10246.459040848002
2017-07-13,10226.286685112784
2017-07-14,10342.34317050431
2017-07-17,10328.675015519779
2017-07-18,10365.623228561097
2017-07-19,10472.940451502707
2017-07-20,10552.013708653078
2017-07-21,10575.640597510936
2017-07-24,10534.54384321499
2017-07-25,10451.655298463753
2017-07-26,10431.099754911429
2017-07-27,10396.463004612531
2017-07-28,10432.25731300848
2017-07-31,10442.487887671055
2017-08-01,10447.9109565091
2017-08-02,10417.47467390066
2017-08-03,10459.726702466527
2017-08-04,10403.93422834233
2017-08-07,10456.227710828645
2017-08-08,10373.426591873767
2017-08-09,10412.536486936508
2017-08-10,10283.33074306346
2017-08-11,10316.826366453493
2017-08-14,10425.68839978293
2017-08-15,10436.751665513613
2017-08-16,10503.220220377976
2017-08-17,10322.170837184423
2017-08-18,10262.701368672475
2017-08-21,10341.957987518235
2017-08-22,10473.716421459549
2017-08-23,10395.69277404945
2017-08-24,10346.136408728433
2017-08-25,10389.518895991732
2017-08-28,10423.34527837739
2017-08-29,10464.153153836047
2017-08-30,10519.693433228445
2017-08-31,10721.665942903013
2017-09-01,10680.779487480893
2017-09-05,10784.13171148494
2017-09-06,10761.18501862181
2017-09-07,10956.794814383138
2017-09-08,10981.37290174693
2017-09-11,10919.098135659637
2017-09-12,10919.443024321134
2017-09-13,10840.766080814663
2017-09-14,10915.464688887141
2017-09-15,10887.896856584857
2017-09-18,10780.931031348837
2017-09-19,10719.384835874142
2017-09-20,10683.106134405562
2017-09-21,10585.428605748637
2017-09-22,10592.926623500543
2017-09-25,10740.258959867164
2017-09-26,10618.580033545375
2017-09-27,10488.70382670242
2017-09-28,10520.587138981233
2017-09-29,10508.61523010825
2017-10-02,10514.99975602234
2017-10-03,10506.912087344035
2017-10-04,10604.4728202223
2017-10-05,10620.213414207872
2017-10-06,10571.30283258689
2017-10-09,10537.97330032721
2017-10-10,10569.274418657484
2017-10-11,10600.330755990894
2017-10-12,10594.951453424339
2017-10-13,10629.47569154989
2017-10-16,10672.05417513993
2017-10-17,10652.60108337348
2017-10-18,10687.67827757578
2017-10-19,10653.73384211966
2017-10-20,10783.95583282998
2017-10-23,10651.235486986323
2017-10-24,10714.398405739072
2017-10-25,10589.633111234016
2017-10-26,10615.887106730395
2017-10-27,10980.638829935406
2017-10-30,10921.849234514828
2017-10-31,11032.58442229719
2017-11-01,11014.384115522644
2017-11-02,11061.680358945732
2017-11-03,11168.535160951056
2017-11-06,11335.367755903972
2017-11-07,11345.623166413823
2017-11-08,11352.058767685805
2017-11-09,11387.593988560502
2017-11-10,11291.17650650545
2017-11-13,11336.796020166046
2017-11-14,11316.137524569842
2017-11-15,11183.262802821688
2017-11-16,11475.597269270009
2017-11-17,11437.380642073238
2017-11-20,11522.562927547853
2017-11-21,11759.062057691139
2017-11-22,11779.536411609579
2017-11-24,11861.099514535113
2017-11-27,11761.846133405095
2017-11-28,11893.428875091398
2017-11-29,11873.999024050323
2017-11-30,12016.211825309496
2017-12-01,12054.272923269622
2017-12-04,12036.076521758161
2017-12-05,11958.406603874579
2017-12-06,11741.899798447977
2017-12-07,11837.722529024377
2017-12-08,11950.743205256105
2017-12-11,12033.284406557474
2017-12-12,11973.576158129792
2017-12-13,11954.690301032837
2017-12-14,11859.513544597858
2017-12-15,11937.208091112228
2017-12-18,12138.954291791797
2017-12-19,12166.037616799744
2017-12-20,12284.382753964646
2017-12-21,12449.832718955318
2017-12-22,12514.801287937184
2017-12-26,12651.657225751578
2017-12-27,12659.120029414387
2017-12-28,12742.796028801697
2017-12-29,12710.40768746163
2018-01-02,12983.14505269197
2018-01-03,13204.598482808065
2018-01-04,13323.03430997837
2018-01-05,13393.958013182419
2018-01-08,13450.45385394283
2018-01-09,13482.031096302027
2018-01-10,13445.53561723226
2018-01-11,13715.728558747058
2018-01-12,13878.773464571901
2018-01-16,13650.046029851794
2018-01-17,13809.920136685032
2018-01-18,13739.712679651017
2018-01-19,13791.710054396988
2018-01-22,13986.79015792264
2018-01-23,14039.918922775749
2018-01-24,14128.327298308026
2018-01-25,14085.346775492204
2018-01-26,14285.53085304651
2018-01-29,14027.962450259047
2018-01-30,13719.085731788595
2018-01-31,13638.647547600833
2018-02-01,13649.604426648959
2018-02-02,12848.997915853393
2018-02-05,12255.718597199006
2018-02-06,12598.499551935161
2018-02-07,12394.249173483027
2018-02-08,11918.648978942723
2018-02-09,12054.604716299173
2018-02-12,12353.907757061545
2018-02-13,12405.547264616624
2018-02-14,12708.02409789985
2018-02-15,12760.489889795574
2018-02-16,12856.439906024623
2018-02-20,12710.972022970393
2018-02-21,12600.903101514257
2018-02-22,12654.399488210722
2018-02-23,12844.633425280963
2018-02-26,12959.781850215248
2018-02-27,12764.01892613484
2018-02-28,12509.906454600045
2018-03-01,12569.78958744847
2018-03-02,12609.320115004068
2018-03-05,12662.519418917052
2018-03-06,12800.048405061072
2018-03-07,12772.401282138455
2018-03-08,12670.078381771002
2018-03-09,12770.97558370701
2018-03-12,12811.688278456393
2018-03-13,12760.778855023598
2018-03-14,12620.472534829778
2018-03-15,12563.13130049134
2018-03-16,12642.599679341412
2018-03-19,12407.156478079176
2018-03-20,12387.22663007922
2018-03-21,12570.148773274528
2018-03-22,12255.759748116956
2018-03-23,11994.393239534298
2018-03-26,12300.715130646953
2018-03-27,12355.439015234222
2018-03-28,12387.518468142067
2018-03-29,12405.399314282455
2018-04-02,12413.37416950428
2018-04-03,12386.280380639031
2018-04-04,12375.974639576696
2018-04-05,12359.255695793703
2018-04-06,12394.059785459673
2018-04-09,12391.765181083334
2018-04-10,12373.170016243666
2018-04-11,12383.527587685452
2018-04-12,12357.027543329265
2018-04-13,12365.410439525836
2018-04-16,12354.967554666067
2018-04-17,12364.401230482421
2018-04-18,12334.112025264507
2018-04-19,12311.5789469413
2018-04-20,12297.447817273865
2018-04-23,12313.052216334076
2018-04-24,12293.751331177336
2018-04-25,12280.068571100133
2018-04-26,12321.936412251098
2018-04-27,12347.156615249383
2018-04-30,12390.746814142183
2018-05-01,12467.53456560305
2018-05-02,12520.234890659665
2018-05-03,12472.36505873117
2018-05-04,12487.767953495204
2018-05-07,12515.335702411656
2018-05-08,12566.490229074845
2018-05-09,12566.490229074845
2018-05-10,12497.399781543056
2018-05-11,12472.123158086195
2018-05-14,12491.943422365237
2018-05-15,12590.831156556515
2018-05-16,12632.5523167827
2018-05-17,12653.463177652231
2018-05-18,12688.503883154923
2018-05-21,12674.310094675795
2018-05-22,12667.162932037676
2018-05-23,12738.601781812406
2018-05-24,12716.63811145497
2018-05-25,12804.950692733632
2018-05-29,12932.76257585877
2018-05-30,12783.2769013169
2018-05-31,12767.552196841625
2018-06-01,12798.79379902156
2018-06-04,12783.030548269118
2018-06-05,12759.171263284188
2018-06-06,12703.421522287923
2018-06-07,12663.42890480455
2018-06-08,12671.489163765376
2018-06-11,12687.641043739932
2018-06-12,12728.132765894115
2018-06-13,12695.051503319226
2018-06-14,12953.370647298303
2018-06-15,12937.06930912072
2018-06-18,12937.090856967341
2018-06-19,12997.768000210888
2018-06-20,13015.73565998479
2018-06-21,12943.387510926896
2018-06-22,12850.555095726704
2018-06-25,12809.479162779191
2018-06-26,12942.892969874407
2018-06-27,13097.693948990476
2018-06-28,13097.693948990476
2018-06-29,13106.055031248743
2018-07-02,13197.719516129246
2018-07-03,13157.52801541407
2018-07-05,13362.731751813564
2018-07-06,13581.026500793236
2018-07-09,13837.568295937537
2018-07-10,13836.22362809544
2018-07-11,13688.275938338811
2018-07-12,13862.652342393701
2018-07-13,13865.76195732706
2018-07-16,13855.88018887162
2018-07-17,13931.123734619225
2018-07-18,13960.448596809323
2018-07-19,13984.668498650895
2018-07-20,13878.742320543446
2018-07-23,13885.20559919833
2018-07-24,13882.131619922913
2018-07-25,14164.313192437954
2018-07-26,13904.70464444929
2018-07-27,13533.617336155956
2018-07-30,13214.351161076402
2018-07-31,13385.839440954505
2018-08-01,13439.72095265985
2018-08-02,13713.173742989122
2018-08-03,13751.900291993501
2018-08-06,13912.59729604569
2018-08-07,14010.982968594657
2018-08-08,14037.760198799673
2018-08-09,14078.023253481724
2018-08-10,13894.76124432901
2018-08-13,13747.163118090857
2018-08-14,13993.614571153494
2018-08-15,13683.290000555095
2018-08-16,13888.66827836029
2018-08-17,13970.070314945358
2018-08-20,14089.074609187246
2018-08-21,14315.005185082468
2018-08-22,14344.03650766404
2018-08-23,14289.686515651241
2018-08-24,14452.851264195107
2018-08-27,14595.94145156887
2018-08-28,14629.465136049874
2018-08-29,14817.178547864994
2018-08-30,14715.329753333132
2018-08-31,14795.321213217927
2018-09-04,14758.940864727985
2018-09-05,14617.080903928565
2018-09-06,14510.538298528518
2018-09-07,14484.481966905956
2018-09-10,14559.039917046626
2018-09-11,14744.862705916821
2018-09-12,14701.529457268738
2018-09-13,14863.84155981387
2018-09-14,14830.782272064518
2018-09-17,14460.878372116234
2018-09-18,14704.29224242967
2018-09-19,14662.90749442173
2018-09-20,14937.986648919506
2018-09-21,14800.182980195192
2018-09-24,14760.88478269829
2018-09-25,14814.129464563226
2018-09-26,14756.055485793584
2018-09-27,14883.189739274685
2018-09-28,14873.448506352837
2018-10-01,15173.733982239666
2018-10-02,15207.481099665827
2018-10-03,15320.804668111601
2018-10-04,15116.18662211888
2018-10-05,15014.495303923128
2018-10-08,14990.988250683406
2018-10-09,14996.570579173938
2018-10-10,14261.008868660743
2018-10-11,13738.351454200581
2018-10-12,13905.641426755394
2018-10-15,13963.572781511886
2018-10-16,14237.190698906934
2018-10-17,14218.541322589392
2018-10-18,14190.771200620198
2018-10-19,14424.5752790049
2018-10-22,14309.663945278458
2018-10-23,14220.613371482052
2018-10-24,14428.94936032001
2018-10-25,14267.655719613516
2018-10-26,13917.996381490151
2018-10-29,13953.926888090105
2018-10-30,14020.853410612155
2018-10-31,14011.444721662896
2018-11-01,13887.120788214164
2018-11-02,13929.13483687748
2018-11-05,13922.429686942587
2018-11-06,13877.523708043524
2018-11-07,13839.823444895033
2018-11-08,13826.330607866135
2018-11-09,13890.259035926829
2018-11-12,13780.198010685106
2018-11-13,13775.742812064673
2018-11-14,13614.163536167587
2018-11-15,13573.98477242536
2018-11-16,13724.75328894352
2018-11-19,13692.948456888244
2018-11-20,13440.48221519563
2018-11-21,13266.794815667568
2018-11-23,13292.310725362202
2018-11-26,13380.768295882195
2018-11-27,13527.20678685992
2018-11-28,13679.845828142881
2018-11-29,13690.558533655509
2018-11-30,13880.146057981043
2018-12-03,14002.426506648435
2018-12-04,13802.67608766762
2018-12-06,13819.579483683128
2018-12-07,13691.35053937314
2018-12-10,13718.152760210798
2018-12-11,13722.976345525483
2018-12-12,13656.37199338733
2018-12-13,13655.750368252531
2018-12-14,13715.311864204303
2018-12-17,13715.820094054043
2018-12-18,13739.858105652127
2018-12-19,13794.747478827543
2018-12-20,13689.551869029458
2018-12-21,13771.170651793971
2018-12-24,13746.904810608989
2018-12-26,13752.712631412118
2018-12-27,13719.067310411296
2018-12-28,13739.482707351672
2018-12-31,13775.531577861257
2019-01-02,13864.406376588875
2019-01-03,13964.687106853597
2019-01-04,13821.316809961825
2019-01-07,13756.93953659694
2019-01-08,13739.331778878337
2019-01-09,13682.635770166598
2019-01-10,13675.643788295742
2019-01-11,13716.992107988728
2019-01-14,13618.597624002274
2019-01-15,13805.375539917553
2019-01-16,13884.380179350881
2019-01-17,14070.372332218232
2019-01-18,14447.01150991388
2019-01-22,14041.211571098593
2019-01-23,14049.75496185446
2019-01-24,14200.915316253604
2019-01-25,14435.32523679816
2019-01-28,14343.088945564992
2019-01-29,14341.291825336073
2019-01-30,14695.708574958991
2019-01-31,15087.875232668852
2019-02-01,14831.422870683033
2019-02-04,15021.291353429102
2019-02-05,15242.77000207166
2019-02-06,15235.839925287899
2019-02-07,15031.515153887634
2019-02-08,15076.233868812136
2019-02-11,15234.46897042051
2019-02-12,15677.166978049136
2019-02-13,15849.577926885344
2019-02-14,15711.553758738495
2019-02-15,16092.246048704208
2019-02-19,16168.039218392818
2019-02-20,15949.481945647316
2019-02-21,15974.1414615075
2019-02-22,16377.09185769446
2019-02-25,16438.907960435074
2019-02-26,16506.355947983713
2019-02-27,16620.01971583504
2019-02-28,16475.16725553583
2019-03-01,16628.595609755386
2019-03-04,16120.942660470688
2019-03-05,16010.664015321312
2019-03-06,15846.921792410854
2019-03-07,15784.248992962152
2019-03-08,15765.891882312726
2019-03-11,16268.963334212369
2019-03-12,16209.781921335305
2019-03-13,16403.319355146577
2019-03-14,16324.238540001728
2019-03-15,16348.767821110248
2019-03-18,16534.252614505735
2019-03-19,16500.897525134347
2019-03-20,16389.04651994925
2019-03-21,16678.061809239844
2019-03-22,16121.517286146347
2019-03-25,16148.538500018598
2019-03-26,16311.75214916004
2019-03-27,16270.4735541483
2019-03-28,16424.59260714935
2019-03-29,16644.988986553977
2019-04-01,16966.27324852326
2019-04-02,17012.530812185698
2019-04-03,17166.08001811124
2019-04-04,16995.642379060777
2019-04-05,17122.930873587295
2019-04-08,17186.991529474966
2019-04-09,17092.56647858512
2019-04-10,17145.05319321445
2019-04-11,17186.31335074045
2019-04-12,17412.667303327285
2019-04-15,17379.444201847466
2019-04-16,17474.801358430734
2019-04-17,17447.557145972627
2019-04-18,17510.50465137597
2019-04-22,17428.702070809315
2019-04-23,17673.25260372912
2019-04-24,17617.49250822993
2019-04-25,17402.70731421339
2019-04-26,17591.59881455721
2019-04-29,17566.335273381654
2019-04-30,17638.116719416572
2019-05-01,17342.260672621604
2019-05-02,17299.209626662418
2019-05-03,17593.700543220733
2019-05-06,17365.496922123184
2019-05-07,16922.06748235955
2019-05-08,16911.401493921505
2019-05-09,16810.66482698299
2019-05-10,16952.491422823357
2019-05-13,16344.689648503394
2019-05-14,16558.439592070896
2019-05-15,16626.139710787527
2019-05-16,16859.89531802577
2019-05-17,16677.208618445606
2019-05-20,16507.23875450424
2019-05-21,16745.69876055181
2019-05-22,16579.958360712604
2019-05-23,16272.196980266615
2019-05-24,16322.586066778586
2019-05-28,16132.635395127629
2019-05-29,16021.517861171753
2019-05-30,16104.141338465784
2019-05-31,15819.122648908004
2019-06-03,15689.61622183263
2019-06-04,16195.920771141124
2019-06-05,16322.68330193265
2019-06-06,16431.883745612067
2019-06-07,16696.522501675325
2019-06-10,16847.71795233392
2019-06-11,16893.399356416914
2019-06-12,16881.94087566339
2019-06-13,17043.959147720394
2019-06-14,17065.860240303937
2019-06-17,16976.348392327272
2019-06-18,17149.484125196246
2019-06-19,17152.724626042913
2019-06-20,17478.481084018233
2019-06-21,17478.753529607035
2019-06-24,17597.5695280821
2019-06-25,17537.688938795334
2019-06-26,17456.26741881962
2019-06-27,17508.6800475393
2019-06-28,17646.15314706846
2019-07-01,17668.87001089028
2019-07-02,17817.724198811473
2019-07-03,17943.2571525316
2019-07-05,17815.562309398185
2019-07-08,17616.945528628527
2019-07-09,17555.125132024063
2019-07-10,17674.01160417416
2019-07-11,17680.494375359114
2019-07-12,17851.112933306897
2019-07-15,17860.528345921186
2019-07-16,17802.632994748747
2019-07-17,17767.727009091886
2019-07-18,17930.242933584534
2019-07-19,17811.2393313762
2019-07-22,17805.140546025745
2019-07-23,18026.299600998354
2019-07-24,18091.349141517992
2019-07-25,17933.884269563147
2019-07-26,18011.21534264329
2019-07-29,18006.599563167936
2019-07-30,18074.030752428505
2019-07-31,17752.120059656754
2019-08-01,17844.031567630107
2019-08-02,17662.014129582927
2019-08-05,17393.883271124905
2019-08-06,17593.690744538177
2019-08-07,17830.087107675434
2019-08-08,18266.74148731761
2019-08-09,18028.34040216714
2019-08-12,17697.742544557925
2019-08-13,18039.769791567447
2019-08-14,17357.08632586124
2019-08-15,17351.363574959818
2019-08-16,17664.420701970565
2019-08-19,17982.04861388076
2019-08-20,17853.556935012195
2019-08-21,18122.6089502251
2019-08-22,18083.94185082922
2019-08-23,17528.327711112226
2019-08-26,17710.022067603622
2019-08-27,17642.108531407957
2019-08-28,17842.341771204756
2019-08-29,18136.95313552402
2019-08-30,18115.8546659957
2019-09-03,17985.799193965137
2019-09-04,18235.44129060334
2019-09-05,18524.12368527712
2019-09-06,18576.574197463367
2019-09-09,18587.374890843057
2019-09-10,18604.20820675407
2019-09-11,18735.090011463268
2019-09-12,18856.208312675153
2019-09-13,18895.88696878772
2019-09-16,18949.016592938162
2019-09-17,19010.36596785558
2019-09-18,18925.29925671037
2019-09-19,18992.019279490825
2019-09-20,19119.96235761355
2019-09-23,19189.001641738967
2019-09-24,19171.953000061432
2019-09-25,18965.038827473876
2019-09-26,18939.623767686535
2019-09-27,18898.01219740847
2019-09-30,19078.126636138153
2019-10-01,18734.879159475953
2019-10-02,18327.858017363735
2019-10-03,18427.866943578305
2019-10-04,18766.75928236962
2019-10-07,18676.28884596543
2019-10-08,18384.57553054079
2019-10-09,18526.196264636146
2019-10-10,18667.8142166887
2019-10-11,18945.091045014233
2019-10-14,18948.971835625238
2019-10-15,19205.826081281226
2019-10-16,19289.497859848132
2019-10-17,19412.42989979659
2019-10-18,19440.614074996764
2019-10-21,19540.59267756083
2019-10-22,19532.014740913655
2019-10-23,19502.364268734655
2019-10-24,19585.292723159295
2019-10-25,19679.00774149831
2019-10-28,19660.36553034272
2019-10-29,19588.572305335616
2019-10-30,19651.620783452367
2019-10-31,19613.294706062028
2019-11-01,19883.675911929306
2019-11-04,19875.00183586653
2019-11-05,19822.80608422951
2019-11-06,19893.4351843234
2019-11-07,19860.254615451504
2019-11-08,19874.609227887162
2019-11-11,19816.974039943678
2019-11-12,19894.551007086142
2019-11-13,19847.41317666777
2019-11-14,19940.396113715495
2019-11-15,19987.77790685781
2019-11-18,20021.955607182274
2019-11-19,19991.65772738505
2019-11-20,19825.721498496925
2019-11-21,19709.343309425887
2019-11-22,19770.633745946692
2019-11-25,19921.58814006366
2019-11-26,20074.15981165294
2019-11-27,20123.909820936413
2019-11-29,20097.65687486672
2019-12-02,19891.973919497665
2019-12-03,19847.804425246
2019-12-04,19969.260475958574
2019-12-05,20089.394817818473
2019-12-06,20232.67320588699
2019-12-09,20090.205352250265
2019-12-10,20011.947632385985
2019-12-11,20159.09718384938
2019-12-12,20500.348601253867
2019-12-13,20468.417094658816
2019-12-16,20693.128741348737
2019-12-17,20720.084564579916
2019-12-18,20630.002946795346
2019-12-19,20682.08455443293
2019-12-20,20888.87164896539
2019-12-23,20817.402914675044
2019-12-24,20918.53445454012
2019-12-26,21107.822114861938
2019-12-27,21028.13726148699
2019-12-30,20897.17063428096
2019-12-31,20999.18586033873
2020-01-02,20969.82016140599
2020-01-03,20711.927567662886
2020-01-06,20618.72263005692
2020-01-07,20630.432911068427
2020-01-08,20403.73924210325
2020-01-09,20278.46949087641
2020-01-10,20093.695363714276
2020-01-13,20335.33772925132
2020-01-14,20449.347569927824
2020-01-15,20461.045952515145
2020-01-16,20560.296638212727
2020-01-17,20453.869284959397
2020-01-21,19940.36873257872
2020-01-22,19760.25312335843
2020-01-23,19904.505061475702
2020-01-24,19484.616366768998
2020-01-27,18887.97252431158
2020-01-28,19443.97024913286
2020-01-29,19351.30014364203
2020-01-30,19498.178784061114
2020-01-31,18741.8241264996
2020-02-03,19107.179096680797
2020-02-04,19647.442963721478
2020-02-05,19659.29023699232
2020-02-06,19793.775470075216
2020-02-07,19900.026990190217
2020-02-10,19981.146466569277
2020-02-11,19882.134982928947
2020-02-12,19871.64449441289
2020-02-13,20007.986245458353
2020-02-14,20109.803491914707
2020-02-18,20424.07387135191
2020-02-19,20564.891170465347
2020-02-20,20697.94340493944
2020-02-21,20992.400609807817
2020-02-24,21243.77297676298
2020-02-25,20853.25682796201
2020-02-26,20951.472927621664
2020-02-27,20934.849410273633
2020-02-28,20258.14391054839
2020-03-02,20316.169463856055
2020-03-03,20925.071189205377
2020-03-04,20974.115815860205
2020-03-05,21365.87346726757
2020-03-06,21384.42458495022
2020-03-09,21394.204332695583
2020-03-10,21011.445195003198
2020-03-11,20904.400722687125
2020-03-12,20302.254245712094
2020-03-13,20037.645697699954
2020-03-16,19755.79915988641
2020-03-17,19972.343788631715
2020-03-18,19692.258880054687
2020-03-19,19572.297728513764
2020-03-20,19898.926576513666
2020-03-23,20575.20020572632
2020-03-24,21162.042078645394
2020-03-25,20912.68503540493
2020-03-26,21010.58852018503
2020-03-27,20897.892789254987
2020-03-30,20997.678365614735
2020-03-31,20776.846915569346
2020-04-01,20914.812740321646
2020-04-02,21050.754960878636
2020-04-03,21109.344426510157
2020-04-06,21255.930234422554
2020-04-07,21135.73907349326
2020-04-08,21065.050723628017
2020-04-09,21268.708219272867
2020-04-13,21366.086249055337
2020-04-14,21428.56062625662
2020-04-15,21525.426478655543
2020-04-16,21544.744958483374
2020-04-17,21356.599630341956
2020-04-20,21451.73446932523
2020-04-21,21440.67768450904
2020-04-22,21556.5832137386
2020-04-23,21642.316962692534
2020-04-24,21606.36053960358
2020-04-27,21473.124877413837
2020-04-28,21496.213635354787
2020-04-29,21523.098023655653
2020-04-30,21261.38243864545
2020-05-01,21353.783833607213
2020-05-04,21415.293326170955
2020-05-05,21465.177736625436
2020-05-06,21264.294753438164
2020-05-07,21530.32715477261
2020-05-08,21411.331091004402
2020-05-11,21305.411400531728
2020-05-12,21389.93846224178
2020-05-13,21544.24705757325
2020-05-14,21680.97873847943
2020-05-15,21752.686339960084
2020-05-18,21557.66865279726
2020-05-19,21717.451830520433
2020-05-20,21743.56884757862
2020-05-21,21561.1163970023
2020-05-22,21668.716276143106
2020-05-26,21339.209082783684
2020-05-27,21366.68056593294
2020-05-28,21383.085029546295
2020-05-29,21599.301336718516
2020-06-01,21535.15209384852
2020-06-02,21422.922987984126
2020-06-03,22000.030344159408
2020-06-04,21862.456153942756
2020-06-05,22605.258369834344
2020-06-08,23035.79844036716
2020-06-09,22777.8185604746
2020-06-10,22493.26170656011
2020-06-11,21173.09252327873
2020-06-12,21418.55606933405
2020-06-15,21703.659960837325
2020-06-16,22135.92903693287
2020-06-17,22142.507411852486
2020-06-18,22269.79209512165
2020-06-19,22187.78109630316
2020-06-22,22567.147660117967
2020-06-23,22698.39500219749
2020-06-24,22174.133936973238
2020-06-25,22416.36801189844
2020-06-26,21985.20607403137
2020-06-29,22178.649340273074
2020-06-30,22598.327838505247
2020-07-01,22850.375887991413
2020-07-02,22960.10539450719
2020-07-06,23385.005444938295
2020-07-07,23174.727490594294
2020-07-08,23543.789269909303
2020-07-09,23683.468702665738
2020-07-10,23726.694132036173
2020-07-13,23119.82372979918
2020-07-14,23298.183195548245
2020-07-15,23404.184934171913
2020-07-16,23197.43091998946
2020-07-17,23276.30663614565
2020-07-20,23885.188924268772
2020-07-21,23697.602301584855
2020-07-22,23810.673049630685
2020-07-23,23330.70576043782
2020-07-24,23162.10903989295
2020-07-27,23467.02582603232
2020-07-28,23181.85672062728
2020-07-29,23377.6385050729
2020-07-30,23215.933380557202
2020-07-31,23282.90545256176
2020-08-03,23284.846380893618
2020-08-04,23463.7599385753
2020-08-05,23709.543768763342
2020-08-06,23751.782929341087
2020-08-07,23812.696582992747
2020-08-10,24001.577167216685
2020-08-11,23928.967094271924
2020-08-12,24143.199424322433
2020-08-13,24127.538952044626
2020-08-14,24133.219801465366
2020-08-17,24291.22363917584
2020-08-18,24311.75025160448
2020-08-19,24235.315274429187
2020-08-20,24207.621940873672
2020-08-21,24218.38480784973
2020-08-24,24519.4682544028
2020-08-25,24539.262346396874
2020-08-26,24726.325706537293
2020-08-27,24676.438539356717
2020-08-28,24851.67163972194
2020-08-31,24695.800279490904
2020-09-01,24994.744484520397
2020-09-02,25343.00749451586
2020-09-03,24693.702299114375
2020-09-04,24571.23768632054
2020-09-08,24185.69722032144
2020-09-09,24499.69658572403
2020-09-10,24237.96203684316
2020-09-11,24338.444497818185
2020-09-14,24743.380901030254
2020-09-15,24814.95000918546
2020-09-16,24886.733278172345
2020-09-17,24969.530379922162
2020-09-18,24830.78923978292
2020-09-21,24018.224106370668
2020-09-22,24023.645652630323
2020-09-23,23431.189813023986
2020-09-24,23546.454871247945
2020-09-25,23671.64276106585
2020-09-28,24079.52347570339
2020-09-29,23938.208623768074
2020-09-30,24004.180066767614
2020-10-01,24038.15020381558
2020-10-02,24198.63716271161
2020-10-05,24612.290928260227
2020-10-06,24232.883091335574
2020-10-07,24718.453634151392
2020-10-08,24969.216953554682
2020-10-09,25161.633488441803
2020-10-12,25200.026754680388
2020-10-13,24953.557755700436
2020-10-14,25034.972127261437
2020-10-15,25028.896200996434
2020-10-16,25059.791380095237
2020-10-19,24834.805103535033
2020-10-20,24885.68339755026
2020-10-21,24858.87107336797
2020-10-22,25034.44403685014
2020-10-23,25135.015551049255
2020-10-26,24579.608875188766
2020-10-27,24352.693927400152
2020-10-28,23661.32854214399
2020-10-29,23937.468822610965
2020-10-30,23718.66551441895
2020-11-02,24020.76595350393
2020-11-03,24541.699226578614
2020-11-04,24809.13010252866
2020-11-05,25317.49143310729
2020-11-06,25270.34310600541
2020-11-09,25549.090635393255
2020-11-10,25649.606171718413
2020-11-11,25749.923021537652
2020-11-12,25500.29616755332
2020-11-13,25872.438392435364
2020-11-16,26252.08450441549
2020-11-17,26219.63257060874
2020-11-18,26047.711961635912
2020-11-19,26165.839161254124
2020-11-20,26052.51300476567
2020-11-23,26313.402609261484
2020-11-24,26666.773651273586
2020-11-25,26637.280185353717
2020-11-27,26703.616841254512
2020-11-30,26407.48994126836
2020-12-01,26553.093548743338
2020-12-02,26586.85180835916
2020-12-03,26659.11317366105
2020-12-04,26961.676478503472
2020-12-07,26891.51065445049
2020-12-08,27006.160751182317
2020-12-09,26951.64275626262
2020-12-10,26959.910729959272
2020-12-11,26866.48252603328
2020-12-14,26736.038528034645
2020-12-15,27162.99278487613
2020-12-16,27135.38729147562
2020-12-17,27314.92328377635
2020-12-18,27204.012535911545
2020-12-21,27160.429853284582
2020-12-22,27139.96013879028
2020-12-23,27357.722025345873
2020-12-24,27373.28262244363
2020-12-28,27273.458737893303
2020-12-29,27174.678428591305
2020-12-30,27775.934384687414
2020-12-31,27796.345986551743
2021-01-04,27344.04050144654
2021-01-05,27626.1133969156
2021-01-06,28399.77630903534
2021-01-07,28848.170076752875
2021-01-08,28876.197109268473
2021-01-11,28810.271344741104
2021-01-12,29123.60706621991
2021-01-13,29027.176015226018
2021-01-14,29261.22807508893
2021-01-15,28859.080681061114
2021-01-19,29107.05009540303
2021-01-20,29287.19681381682
2021-01-21,29112.278338826414
2021-01-22,29130.376538161476
2021-01-25,29069.217902629603
2021-01-26,28890.180398796456
2021-01-27,28214.873325825913
2021-01-28,28439.022809479346
2021-01-29,27871.4981559407
2021-02-01,28419.983584862952
2021-02-02,28973.66043765862
2021-02-03,29031.496971924094
2021-02-04,29568.311750145436
2021-02-05,29785.167645123583
2021-02-08,30286.495466000804
2021-02-09,30361.0513965095
2021-02-10,30258.30417706604
2021-02-11,30236.92049194948
2021-02-12,30443.36059539246
2021-02-16,30492.80455653533
2021-02-17,30390.089097981967
2021-02-18,30082.392117385993
2021-02-19,30528.161117656622
2021-02-22,30385.72764583079
2021-02-23,30335.632968068356
2021-02-24,30977.730342579805
2021-02-25,30059.45202049268
2021-02-26,29842.00857105193
2021-03-01,30789.109513756375
2021-03-02,30442.881048319145
2021-03-03,30228.707256138332
2021-03-04,30597.782165847933
2021-03-05,31216.628516156685
2021-03-08,30831.38510082197
2021-03-09,30848.95855066804
2021-03-10,31030.67095036455
2021-03-11,31458.577871352667
2021-03-12,31339.453528810245
2021-03-15,31265.99598020956
2021-03-16,31154.02962591799
2021-03-17,31368.133410153492
2021-03-18,31005.295621862995
2021-03-19,30932.842159067863
2021-03-22,30755.84006496439
2021-03-23,30113.954831489285
2021-03-24,30482.977123875047
2021-03-25,30238.767570669872
2021-03-26,30762.40223473689
2021-03-29,30885.658907304492
2021-03-30,30520.764594380315
2021-03-31,30627.71872274188
2021-04-01,30817.35002814334
2021-04-05,30759.853971126446
2021-04-06,30831.19236020793
2021-04-07,30843.742964430025
2021-04-08,30932.350006387973
2021-04-09,30935.41325915577
2021-04-12,30978.78174020737
2021-04-13,31206.107463675096
2021-04-14,31570.231224454856
2021-04-15,31871.630221432966
2021-04-16,31964.346924313726
2021-04-19,31937.847421123573
2021-04-20,32033.34699425313
2021-04-21,32023.629250917707
2021-04-22,32046.21720174982
2021-04-23,32196.502095546497
2021-04-26,32197.340492942738
2021-04-27,32244.68509711567
2021-04-28,32246.393162510052
2021-04-29,32435.227896110606
2021-04-30,32308.664833573213
2021-05-03,32644.76080163828
2021-05-04,32880.83692911901
2021-05-05,32880.625439574025
2021-05-06,33105.73936646226
2021-05-07,33358.66968014506
2021-05-10,33340.74031334914
2021-05-11,33332.37296167718
2021-05-12,33025.274824293745
2021-05-13,32772.925208173336
2021-05-14,33020.17427761568
2021-05-17,33188.571690808065
2021-05-18,33078.64096137047
2021-05-19,32652.89535287054
2021-05-20,32650.54126996983
2021-05-21,32853.590923958895
2021-05-24,33130.40191472861
2021-05-25,32983.25973775771
2021-05-26,32947.92237441457
2021-05-27,32926.12327255684
2021-05-28,32926.12327255684
2021-06-01,32915.767259893095
2021-06-02,32921.56399154073
2021-06-03,32903.81100240141
2021-06-04,32922.67490825006
2021-06-07,32916.20043158409
2021-06-08,32929.16402883309
2021-06-09,32916.141852883964
2021-06-10,32936.363345451886
2021-06-11,32922.80850158448
2021-06-14,32902.443757222085
2021-06-15,32895.660112246565
2021-06-16,32840.79695314175
2021-06-17,32840.79695314175
2021-06-18,32791.11514068099
2021-06-21,32805.44223587282
2021-06-22,32843.52835064138
2021-06-23,32797.79849822207
2021-06-24,32805.41483057957
2021-06-25,32797.7976139892
2021-06-28,32820.66624016769
2021-06-29,32813.04070813407
2021-06-30,32965.75729796502
2021-07-01,33151.630629539424
2021-07-02,32885.350001016646
2021-07-06,33124.03791881084
2021-07-07,33230.50313449441
2021-07-08,32963.91018758964
2021-07-09,32804.608853825834
2021-07-12,32884.06092805705
2021-07-13,33281.85285699758
2021-07-14,32961.70722349709
2021-07-15,33147.55771922921
2021-07-16,33227.43266305281
2021-07-19,33334.05884805621
2021-07-20,33414.16373175488
2021-07-21,33253.76741463574
2021-07-22,33333.76977197518
2021-07-23,33360.467360358445
2021-07-26,33146.7897288579
2021-07-27,33040.299865723806
2021-07-28,32854.23675283213
2021-07-29,32615.67851431289
2021-07-30,32800.545840604456
2021-08-02,32721.086609066966
2021-08-03,32747.537126328647
2021-08-04,32853.39892542427
2021-08-05,32853.39892542427
2021-08-06,33224.46493403871
2021-08-09,33357.73433547698
2021-08-10,33411.15793764878
2021-08-11,33277.50350468748
2021-08-12,33357.53088042929
2021-08-13,33037.048359635526
2021-08-16,33090.19670670269
2021-08-17,33489.19512915133
2021-08-18,33489.19512915133
2021-08-19,33810.31134807597
2021-08-20,33729.65499799134
2021-08-23,33326.82612106665
2021-08-24,33273.436356132435
2021-08-25,33220.09509700241
2021-08-26,33406.65684205984
2021-08-27,33112.671567735604
2021-08-30,33112.671567735604
2021-08-31,32776.77273195176
2021-09-01,32828.46854708318
2021-09-02,32996.83962363426
2021-09-03,32564.150566815166
2021-09-07,32223.329263684656
2021-09-08,32552.4893457164
2021-09-09,33058.05225590415
2021-09-10,32668.406288475813
2021-09-13,32933.83717193778
2021-09-14,33485.80874301621
2021-09-15,33292.02270195057
2021-09-16,33110.71425912487
2021-09-17,32914.73281626938
2021-09-20,33498.9164406686
2021-09-21,33445.536716364826
2021-09-22,33742.37155445659
2021-09-23,32614.90377218077
2021-09-24,32206.38438225438
2021-09-27,31590.054190570252
2021-09-28,30596.483114528754
2021-09-29,30956.052383702423
2021-09-30,30477.53215046098
2021-10-01,30710.758865846376
2021-10-04,30134.48606165154
2021-10-05,30223.669703370422
2021-10-06,30327.17426797621
2021-10-07,30632.854719251474
2021-10-08,30323.265987851333
2021-10-11,29991.880544805237
2021-10-12,30140.94498870326
2021-10-13,30422.795236553615
2021-10-14,31082.71062385327
2021-10-15,31126.749849296637
2021-10-18,31028.67689156447
2021-10-19,31277.044300059566
2021-10-20,31643.06363019991
2021-10-21,31794.03283627756
2021-10-22,32150.229036664714
2021-10-25,32186.87432203672
2021-10-26,32458.009480412486
2021-10-27,32387.457276743604
2021-10-28,32657.32134958069
2021-10-29,33034.7259504739
2021-11-01,32866.24178134526
2021-11-02,32963.13167882822
2021-11-03,33437.16430908537
2021-11-04,34278.75097290801
2021-11-05,34313.49911802093
2021-11-08,34429.18112848542
2021-11-09,34046.08317892968
2021-11-10,32996.304561314755
2021-11-11,33149.807465126716
2021-11-12,33811.42351637912
2021-11-15,33678.657103790036
2021-11-16,34349.54505425935
2021-11-17,34246.11423127967
2021-11-18,34509.64716553019
2021-11-19,34810.617494802864
2021-11-22,33951.50356370346
2021-11-23,33487.94508091633
2021-11-24,33728.579589942005
2021-11-26,32697.59747675508
2021-11-29,33688.89940842449
2021-11-30,34003.784808412325
2021-12-01,34234.935003771454
2021-12-02,34273.17756779701
2021-12-03,34613.84625076637
2021-12-06,34245.947498541944
2021-12-07,34019.357862071156
2021-12-08,33444.15694309135
2021-12-09,33670.110542155715
2021-12-10,33574.831899940495
2021-12-13,34047.68127645012
2021-12-14,33508.65762338908
2021-12-15,34426.752076343095
2021-12-16,33416.71811422124
2021-12-17,33110.619072209556
2021-12-20,32591.67600623186
2021-12-21,33516.683080731375
2021-12-22,34074.172978536895
2021-12-23,34414.74637951954
2021-12-27,35087.6226910845
2021-12-28,35142.063387295515
2021-12-29,35174.004418459925
2021-12-30,35013.489050106036
2021-12-31,34824.31648478441
2022-01-03,35426.70663806131
2022-01-04,35081.71045713473
2022-01-05,33974.49896511554
2022-01-06,33871.73894017494
2022-01-07,33466.58109961645
2022-01-10,33402.8330822369
2022-01-11,33837.132105012184
2022-01-12,34015.36021234312
2022-01-13,33201.8987293103
2022-01-14,33122.11041052067
2022-01-18,32913.68217591859
2022-01-19,33069.77154803588
2022-01-20,32932.16671970014
2022-01-21,32893.56647949438
2022-01-24,32741.834629800942
2022-01-25,32783.07057886073
2022-01-26,32630.756388407008
2022-01-27,32592.33535371146
2022-01-28,32536.84574416661
2022-01-31,32281.66394510935
2022-02-01,32185.628551747664
2022-02-02,32048.56846315583
2022-02-03,31869.898472562567
2022-02-04,31842.031762475486
2022-02-07,31855.967179425188
2022-02-08,31911.702795477668
2022-02-09,32117.556409510216
2022-02-10,31795.647125126587
2022-02-11,32115.327340085496
2022-02-14,32172.670826621717
2022-02-15,31820.212768192745
2022-02-16,31909.307928331345
2022-02-17,32191.517028963874
2022-02-18,32274.064089343898
2022-02-22,32480.82969324896
2022-02-23,32531.729946016865
2022-02-24,32460.46311188191
2022-02-25,32593.59101002584
2022-02-28,33007.55916958629
2022-03-01,34054.54321508178
2022-03-02,34866.746891648516
2022-03-03,35251.68531406413
2022-03-04,36370.5541434352
2022-03-07,36811.20474984681
2022-03-08,37448.01491310141
2022-03-09,36611.335807403026
2022-03-10,36749.29705862801
2022-03-11,36653.11366445826
2022-03-14,36296.22177567847
2022-03-15,35851.9385925709
2022-03-16,35904.0244220036
2022-03-17,35988.97570917044
2022-03-18,35790.47943208613
2022-03-21,36738.730015775036
2022-03-22,36664.81652543791
2022-03-23,37352.737945134344
2022-03-24,37210.85983310404
2022-03-25,37464.28709308758
2022-03-28,36330.724641478504
2022-03-29,36486.58214558108
2022-03-30,36994.66409295387
2022-03-31,36644.02287189278
2022-04-01,36885.152523826924
2022-04-04,37175.5549577935
2022-04-05,37048.58887564238
2022-04-06,37150.70588670377
2022-04-07,37273.4318356443
2022-04-08,37604.351772811686
2022-04-11,37749.438582577175
2022-04-12,38000.77975315054
2022-04-13,38077.45862688264
2022-04-14,38044.99778635634
2022-04-18,38189.087838445266
2022-04-19,37790.66988747484
2022-04-20,37833.08099245916
2022-04-21,37773.3066290485
2022-04-22,37580.90492137649
2022-04-25,37850.41124132608
2022-04-26,36532.94254547575
2022-04-27,36730.14684542447
2022-04-28,37599.886145035154
2022-04-29,36293.01577948275
2022-05-02,36600.12459392457
2022-05-03,36568.215127847565
2022-05-04,36473.24354077214
2022-05-05,36628.26913351513
2022-05-06,36686.07059512045
2022-05-09,36552.80908639382
2022-05-10,36520.19078493903
2022-05-11,36624.44869516509
2022-05-12,36673.36855924698
2022-05-13,36527.53767377158
2022-05-16,36530.2859934283
2022-05-17,36277.80313702523
2022-05-18,36399.280814722406
2022-05-19,36302.504704900784
2022-05-20,36359.50274003877
2022-05-23,36196.23498417442
2022-05-24,36202.27200979832
2022-05-25,36227.77274513493
2022-05-26,36134.32565730159
2022-05-27,36088.852166781544
2022-05-31,36146.15997965012
2022-06-01,36413.64083121698
2022-06-02,37053.9488661671
2022-06-03,36653.16929927393
2022-06-06,36785.10318704385
2022-06-07,37219.44526550211
2022-06-08,36627.884615705036
2022-06-09,35814.34526163293
2022-06-10,34785.10901600043
2022-06-13,33666.35095191871
2022-06-14,33524.36673179741
2022-06-15,33893.662624051256
2022-06-16,32909.22979510326
2022-06-17,33174.362782573786
2022-06-21,33071.43632644058
2022-06-22,33030.246750569015
2022-06-23,33061.729911129325
2022-06-24,32998.76390874373
2022-06-27,32946.08766041666
2022-06-28,33121.25759888714
2022-06-29,33296.16884907226
2022-06-30,33196.50331582798
2022-07-01,33296.39594096231
2022-07-05,33735.89081280498
2022-07-06,33878.98164957592
2022-07-07,33889.98701011483
2022-07-08,33867.96158685157
2022-07-11,34228.52493255862
2022-07-12,34217.552116010345
2022-07-13,34151.61045794515
2022-07-14,34371.31781610314
2022-07-15,34184.700182607536
2022-07-18,33957.2753053259
2022-07-19,34911.551191065504
2022-07-20,35256.518499781174
2022-07-21,35536.0924190176
2022-07-22,35212.26544750651
2022-07-25,35248.82927636865
2022-07-26,34947.864113726384
2022-07-27,35771.09153894173
2022-07-28,36256.526950187785
2022-07-29,36897.16385942383
2022-08-01,36920.69609871981
2022-08-02,36701.32921183642
2022-08-03,37254.06544759145
2022-08-04,37297.49915781493
2022-08-05,37060.16739375385
2022-08-08,36997.883417165554
2022-08-09,36547.457738402125
2022-08-10,37531.43887892553
2022-08-11,37315.094941008574
2022-08-12,37974.93598033425
2022-08-15,38199.711153099524
2022-08-16,38201.89846564111
2022-08-17,37822.3898445223
2022-08-18,37875.40774246874
2022-08-19,37228.05780527448
2022-08-22,36393.179730226424
2022-08-23,36372.12625654293
2022-08-24,36478.30066266825
2022-08-25,36887.53129650938
2022-08-26,35774.01224034001
2022-08-29,35587.87189646195
2022-08-30,35245.07594242259
2022-08-31,35030.11685249295
2022-09-01,35048.87174023822
2022-09-02,34796.67884929272
2022-09-06,34657.60647109575
2022-09-07,35220.018435521575
2022-09-08,35385.90258900709
2022-09-09,35906.65553298086
2022-09-12,36275.70690699971
2022-09-13,34877.68106216176
2022-09-14,35064.56388700062
2022-09-15,34691.79103645086
2022-09-16,34504.100294648626
2022-09-19,34762.482302925426
2022-09-20,34472.9211720856
2022-09-21,33972.920160055895
2022-09-22,33619.16859845273
2022-09-23,33175.539334080844
2022-09-26,33028.57368891742
2022-09-27,33043.07130359681
2022-09-28,33523.77612984122
2022-09-29,32844.08278918284
2022-09-30,32417.991089611365
2022-10-03,32904.986025935315
2022-10-04,33739.987256623055
2022-10-05,33585.67772949457
2022-10-06,33364.2527313403
2022-10-07,32759.901790809974
2022-10-10,32688.84741260719
2022-10-11,32573.559393862462
2022-10-12,32516.528200314868
2022-10-13,33054.21208903155
2022-10-14,32495.253551933514
2022-10-17,33135.89082249285
2022-10-18,33494.284959815785
2022-10-19,33209.8185233451
2022-10-20,32841.74198551339
2022-10-21,33409.95883743132
2022-10-24,33597.635420552455
2022-10-25,34019.52886135499
2022-10-26,34035.16905814021
2022-10-27,34126.144658061494
2022-10-28,34525.29971388563
2022-10-31,34378.60184334585
2022-11-01,34438.42119490238
2022-11-02,34153.78390855384
2022-11-03,33927.99980289523
2022-11-04,34330.30930839053
2022-11-07,34553.23937657162
2022-11-08,34687.27562950594
2022-11-09,34301.594145871335
2022-11-10,35381.84645268561
2022-11-11,35561.6293575174
2022-11-14,35247.721261693165
2022-11-15,35297.342614958376
2022-11-16,35192.002323670036
2022-11-17,35073.03809812649
2022-11-18,35257.89909436545
2022-11-21,35327.78856106481
2022-11-22,35618.3836160484
2022-11-23,35761.42839431914
2022-11-25,35756.1135537075
2022-11-28,35379.42728551606
2022-11-29,35339.12594060103
2022-11-30,36060.324388582514
2022-12-01,36043.13306124623
2022-12-02,36016.12049409289
2022-12-05,35598.83429647722
2022-12-06,35266.66624281663
2022-12-07,35227.801224275914
2022-12-08,35407.9893400019
2022-12-09,35234.76929081425
2022-12-12,35591.32756948179
2022-12-13,35780.39343420096
2022-12-14,35619.00729191269
2022-12-15,35015.173563009805
2022-12-16,34729.296705973975
2022-12-19,34525.38414519285
2022-12-20,34558.465121344045
2022-12-21,34920.38519503124
2022-12-22,34570.355572259235
2022-12-23,34710.2054210877
2022-12-27,34614.027347014344
2022-12-28,34310.32358525561
2022-12-29,34640.82611649124
2022-12-30,34533.41760230847
2023-01-03,34554.458940631506
2023-01-04,34908.25600183814
2023-01-05,34609.54434002614
2023-01-06,35316.9655838284
2023-01-09,35294.78904759596
2023-01-10,35505.87380451545
2023-01-11,35817.905228251104
2023-01-12,35971.33903964483
2023-01-13,36080.728494749565
2023-01-17,35860.06510980678
2023-01-18,35350.46096763197
2023-01-19,34952.396014348364
2023-01-20,35420.00065994309
2023-01-23,35694.90926649057
2023-01-24,35770.78631318793
2023-01-25,35797.25642132448
2023-01-26,35962.710780705645
2023-01-27,36004.51934032319
2023-01-30,35747.24225401781
2023-01-31,36324.286554729195
2023-02-01,36512.88206437711
2023-02-02,36634.35197489476
2023-02-03,36344.64221069422
2023-02-06,36142.05878676687
2023-02-07,36453.58796896481
2023-02-08,36206.55869734746
2023-02-09,35787.35421753226
2023-02-10,35513.68777099113
2023-02-13,36061.74731842311
2023-02-14,36200.12521628014
2023-02-15,36498.04991078543
2023-02-16,35851.73635913754
2023-02-17,35617.954480895605
2023-02-21,34848.903866498156
2023-02-22,34930.01892958677
2023-02-23,35085.21222128247
2023-02-24,34528.6411236114
2023-02-27,34651.05046511544
2023-02-28,34698.80529341888
2023-03-01,34438.63090309665
2023-03-02,34754.21382294628
2023-03-03,35516.46639051248
2023-03-06,35516.46639051248
2023-03-07,35153.77112345791
2023-03-08,35173.58768458466
2023-03-09,34382.62207147003
2023-03-10,33901.937070746564
2023-03-13,33901.937070746564
2023-03-14,34812.248534740225
2023-03-15,35170.35463210677
2023-03-16,35904.69869743562
2023-03-17,35587.04496893983
2023-03-20,35841.42629944858
2023-03-21,36562.47434234816
2023-03-22,35966.607868936946
2023-03-23,36502.32647633233
2023-03-24,36676.34734071518
2023-03-27,36482.406772291826
2023-03-28,36204.45177633671
2023-03-29,36648.83802496257
2023-03-30,36812.388787209355
2023-03-31,37432.91576698327
2023-04-03,37474.03560120424
2023-04-04,37044.980922013536
2023-04-05,36747.19276160615
2023-04-06,36755.60018388387
2023-04-10,36936.35138017942
2023-04-11,37089.938858692345
2023-04-12,37001.932732180925
2023-04-13,37398.40778336768
2023-04-14,37298.11145461847
2023-04-17,37314.06299879364
2023-04-18,37320.31627039109
2023-04-19,37199.770404515955
2023-04-20,36903.28727989492
2023-04-21,36916.63013592014
2023-04-24,36777.88441320357
2023-04-25,35994.18041122351
2023-04-26,36123.70538834883
2023-04-27,37152.328054176665
2023-04-28,37417.831500787855
2023-05-01,37396.10310646905
2023-05-02,36946.89724703324
2023-05-03,36692.73115373771
2023-05-04,36445.30011943082
2023-05-05,37116.400130051785
2023-05-08,37248.66117952608
2023-05-09,37098.23070513251
2023-05-10,37499.10328957731
2023-05-11,37519.33026869126
2023-05-12,37345.13387887881
2023-05-15,37362.273120784645
2023-05-16,37035.267946602
2023-05-17,36924.53987609247
2023-05-18,36560.136956401206
2023-05-19,36763.23201023482
2023-05-22,36689.711229541266
2023-05-23,36731.38128299271
2023-05-24,36522.666888434025
2023-05-25,36563.592968258075
2023-05-26,37257.195739261675
2023-05-30,37406.52387285175
2023-05-31,37131.26610314987
2023-06-01,37526.934547414465
2023-06-02,38246.945270560485
2023-06-05,38261.43915383127
2023-06-06,38317.31147859328
2023-06-07,37632.22338348632
2023-06-08,38029.67234033136
2023-06-09,38205.850951660315
2023-06-12,38925.33933723948
2023-06-13,39170.690945121045
2023-06-14,39438.58834935783
2023-06-15,40089.28988738242
2023-06-16,39771.77076077085
2023-06-20,39531.08016305936
2023-06-21,38913.17771217497
2023-06-22,39282.18620541006
2023-06-23,38929.971186090756
2023-06-26,38497.553312357515
2023-06-27,39280.78420391712
2023-06-28,39412.206955102796
2023-06-29,39347.573486365975
2023-06-30,39934.9854255907
2023-07-03,39916.75988428889
2023-07-05,39923.19292162744
2023-07-06,39596.80192427303
2023-07-07,39442.49832068884
2023-07-10,39639.70245443361
2023-07-11,40077.34857414127
2023-07-12,40560.463522073376
2023-07-13,41265.0077321035
2023-07-14,41145.35773391451
2023-07-17,41517.73255690914
2023-07-18,41941.401564781525
2023-07-19,41952.80993046768
2023-07-20,40954.60899844238
2023-07-21,40834.81818240151
2023-07-24,41017.14488390379
2023-07-25,40994.037476245125
2023-07-26,41111.72472919486
2023-07-27,40671.629724810395
2023-07-28,41278.949087652385
2023-07-31,41531.797417527734
2023-08-01,41281.05825230428
2023-08-02,40559.212109232365
2023-08-03,40477.094796734695
2023-08-04,40600.49620224517
2023-08-07,41035.83136790334
2023-08-08,40727.979219824134
2023-08-09,40785.78066603768
2023-08-10,40750.769787716745
2023-08-11,40935.72460080694
2023-08-14,40963.40834525418
2023-08-15,40212.69388936738
2023-08-16,39859.23805740685
2023-08-17,39881.26214460246
2023-08-18,40093.60385123565
2023-08-21,40119.309946771515
2023-08-22,40052.732322459204
2023-08-23,40748.10768545683
2023-08-24,39763.55960035291
2023-08-25,40193.082748379216
2023-08-28,40523.054283713194
2023-08-29,41513.58466814337
2023-08-30,41791.72178117535
2023-08-31,41930.8349185606
2023-09-01,41900.06107078752
2023-09-05,41944.467037486975
2023-09-06,41488.31629937189
2023-09-07,41169.38189654519
2023-09-08,41235.37846004506
2023-09-11,41885.34665100495
2023-09-12,41268.46974429755
2023-09-13,41476.40879201648
2023-09-14,41913.801609364746
2023-09-15,41032.150444176325
2023-09-18,40988.87907306948
2023-09-19,40867.35144524441
2023-09-20,40205.762450357215
2023-09-21,39256.20109630128
2023-09-22,39154.482101557085
2023-09-25,39375.710354833485
2023-09-26,38561.5841661995
2023-09-27,38575.404190370304
2023-09-28,38527.292992615905
2023-09-29,38026.3403942196
2023-10-02,37697.733006101254
2023-10-03,37464.46376531355
2023-10-04,36379.74882922869
2023-10-05,36182.825093685715
2023-10-06,36378.812870421796
2023-10-09,37177.93442210864
2023-10-10,37106.71823850542
2023-10-11,36857.16257902123
2023-10-12,37200.6917546669
2023-10-13,37230.56456769458
2023-10-16,37036.44028733728
2023-10-17,37050.12431014073
2023-10-18,37220.237165846906
2023-10-19,37081.71446104715
2023-10-20,37098.13161737663
2023-10-23,36866.18217367378
2023-10-24,37128.11193644666
2023-10-25,37251.64339450453
2023-10-26,37363.404548381724
2023-10-27,37300.2489362566
2023-10-30,37109.41916562043
2023-10-31,37390.46649412909
2023-11-01,37410.22404844939
2023-11-02,37174.85459327718
2023-11-03,36738.862065285466
2023-11-06,36782.76229677678
2023-11-07,36941.27603140319
2023-11-08,36925.096651244385
2023-11-09,37126.80739553407
2023-11-10,37095.768544670354
2023-11-13,37779.221941112315
2023-11-14,37697.67239427608
2023-11-15,37372.8034911297
2023-11-16,36256.384393885404
2023-11-17,36892.33029653396
2023-11-20,37446.02000127482
2023-11-21,37709.30119055798
2023-11-22,37301.5348342421
2023-11-24,36989.5023447141
2023-11-27,36677.058161760775
2023-11-28,37260.796962255576
2023-11-29,37603.49796453895
2023-11-30,37290.8733492491
2023-12-01,37622.23695212332
2023-12-04,37040.36554757132
2023-12-05,36789.62554230456
2023-12-06,36446.45043368722
2023-12-07,36502.73115082223
2023-12-08,36301.973151894934
2023-12-11,36050.436786563165
2023-12-12,35800.713604190285
2023-12-13,36619.984642380536
2023-12-14,37006.715530509
2023-12-15,36764.98155126516
2023-12-18,37005.93769670545
2023-12-19,37350.8505499807
2023-12-20,36882.756877991655
2023-12-21,37179.714904942295
2023-12-22,37290.389563076846
2023-12-26,37613.78655979657
2023-12-27,37724.122361097725
2023-12-28,37723.045615630006
2023-12-29,37374.3658363246
2024-01-02,36775.75010703369
2024-01-03,36084.55664087338
2024-01-04,35940.79523466952
2024-01-05,35968.59783980086
2024-01-08,36864.326238859445
2024-01-09,36713.18472011075
2024-01-10,36953.72527107862
2024-01-11,36903.29952954479
2024-01-12,37050.74594895648
2024-01-16,36680.10817574158
2024-01-17,36431.80519627368
2024-01-18,36549.90883369937
2024-01-19,36587.11555241409
2024-01-22,36571.31269910579
2024-01-23,36697.65109774837
2024-01-24,36245.97628970141
2024-01-25,36422.434066839465
2024-01-26,36171.09488391067
2024-01-29,36577.281030457736
2024-01-30,36487.645931006045
2024-01-31,35599.30308422528
2024-02-01,36067.20806563232
2024-02-02,36577.090080106296
2024-02-05,36474.906168125875
2024-02-06,36441.94421139126
2024-02-07,36940.93994441642
2024-02-08,36959.33696323237
2024-02-09,37369.675541073986
2024-02-12,37654.06844988425
2024-02-13,36882.22952185971
2024-02-14,37381.41306005961
2024-02-15,37656.7435047508
2024-02-16,37304.59355810514
2024-02-20,36941.82993829823
2024-02-21,36830.049962309444
2024-02-22,38077.73226104351
2024-02-23,38067.63478730463
2024-02-26,37975.147956953835
2024-02-27,38077.287988051285
2024-02-28,37956.588373199964
2024-02-29,38256.59060934995
2024-03-01,38535.5159449825
2024-03-04,38599.40895541614
2024-03-05,38236.248131485656
2024-03-06,38554.777270887855
2024-03-07,38885.67449274325
2024-03-08,38788.96690098463
2024-03-11,38640.20399565336
2024-03-12,39261.940887942976
2024-03-13,39140.873525714516
2024-03-14,38927.92285171435
2024-03-15,38509.99909572798
2024-03-18,38836.51062171839
2024-03-19,39149.00690509877
2024-03-20,39844.37013445445
2024-03-21,40193.939777555184
2024-03-22,39978.54361983659
2024-03-25,39664.69178005647
2024-03-26,39556.719752706005
2024-03-27,40099.278281425766
2024-03-28,40394.38331233452
2024-04-01,40533.15750048556
2024-04-02,40678.972772828245
2024-04-03,41007.09562171462
2024-04-04,40451.569570185864
2024-04-05,41200.01297083266
2024-04-08,41273.05089649986
2024-04-09,41441.09595662368
2024-04-10,40787.75526395154
2024-04-11,41251.07595930013
2024-04-12,40287.37179591611
2024-04-15,40155.995010014674
2024-04-16,39928.01914233901
2024-04-17,39707.659666998894
2024-04-18,39584.25729931108
2024-04-19,39412.38795818546
2024-04-22,39138.2947788302
2024-04-23,39298.85578702778
2024-04-24,39440.514671889585
2024-04-25,39540.430150973865
2024-04-26,39397.392098521545
2024-04-29,39658.82510067311
2024-04-30,39137.09703063635
2024-05-01,39041.29351821282
2024-05-02,39575.972005332325
2024-05-03,40067.143287477404
2024-05-06,40822.09420775726
2024-05-07,40986.53638737592
2024-05-08,40974.99349454967
2024-05-09,41539.41256805777
2024-05-10,41539.011339554294
2024-05-13,41409.82483193565
2024-05-14,41738.4391126015
2024-05-15,42418.97048625846
2024-05-16,42147.841596355225
2024-05-17,42361.19392062983
2024-05-20,42165.42479713738
2024-05-21,42258.87600039146
2024-05-22,41947.39498969512
2024-05-23,40950.53130671123
2024-05-24,41495.366277116955
2024-05-28,42041.275121510414
2024-05-29,41539.4972975094
2024-05-30,41634.0084503968
2024-05-31,41294.619710538514
2024-06-03,41710.70894745804
2024-06-04,41214.96075284227
2024-06-05,41897.34886128146
2024-06-06,42290.15739456734
2024-06-07,40603.80063689299
2024-06-10,41081.429408142874
2024-06-11,41248.75485576693
2024-06-12,41320.344751576704
2024-06-13,40977.72816175165
2024-06-14,41682.23342799308
2024-06-17,41382.06107607484
2024-06-18,41582.39992774148
2024-06-20,42272.352657387826
2024-06-21,41529.75187360417
2024-06-24,41675.583527954426
2024-06-25,41443.877176184666
2024-06-26,41055.321159783765
2024-06-27,41594.410399959284
2024-06-28,41599.5843527889
2024-07-01,41730.85831044399
2024-07-02,41711.759138077665
2024-07-03,42218.44808064413
2024-07-05,42855.15584788574
2024-07-08,42240.70278115859
2024-07-09,42346.994593670715
2024-07-10,42519.648961507984
2024-07-11,43355.564116090296
2024-07-12,43275.042246986144
2024-07-15,43479.945084561885
2024-07-16,44541.13694901509
2024-07-17,44211.11145039242
2024-07-18,43786.13269611073
2024-07-19,42979.46566574175
2024-07-22,43166.12937999528
2024-07-23,43012.451985566695
2024-07-24,42278.98568580356
2024-07-25,42149.25573845662
2024-07-26,42839.03770459512
2024-07-29,42721.62597379588
2024-07-30,42990.519470095634
2024-07-31,43917.88046100088
2024-08-01,42509.50411377555
2024-08-02,41025.288916038
2024-08-05,39496.37065620891
2024-08-06,40052.772859754215
2024-08-07,39696.13217350396
2024-08-08,40791.360505183264
2024-08-09,40910.95018869856
2024-08-12,41144.483529208635
2024-08-13,41340.54668239128
2024-08-14,41258.81861277463
2024-08-15,41423.74998734042
2024-08-16,41883.963271545836
2024-08-19,42410.20475335403
2024-08-20,42283.01560232387
2024-08-21,42441.2534804776
2024-08-22,41922.16424386152
2024-08-23,42485.80610362293
2024-08-26,42212.92405608547
2024-08-27,42223.98945717668
2024-08-28,42109.87253756233
2024-08-29,42393.49792576368
2024-08-30,42834.139622157134
2024-09-03,41923.21561533075
2024-09-04,41906.36428963153
2024-09-05,41547.77069880791
2024-09-06,40840.48293334434
2024-09-09,41379.65652079933
2024-09-10,41363.78617471532
2024-09-11,41504.04395112986
2024-09-12,41818.60640692652
2024-09-13,42095.49719612388
2024-09-16,42383.500368011504
2024-09-17,42675.8522222586
2024-09-18,42601.958543016575
2024-09-19,43447.552849726424
2024-09-20,43193.93426104616
2024-09-23,43328.90561411841
2024-09-24,43395.41030563911
2024-09-25,43054.804049860635
2024-09-26,43302.21896857964
2024-09-27,43465.79664832504
2024-09-30,43544.57669815572
2024-10-01,43246.608068751324
2024-10-02,43100.76350651143
2024-10-03,42855.35189808767
2024-10-04,43418.85675086514
2024-10-07,42804.38527043321
2024-10-08,43007.54333314437
2024-10-09,43365.23681535861
2024-10-10,43173.48526486686
2024-10-11,43952.24723115036
2024-10-14,44293.28432780332
2024-10-15,44128.36668357794
2024-10-16,44627.34924705472
2024-10-17,44596.92224912261
2024-10-18,44669.37143376221
2024-10-21,44325.62030185232
2024-10-22,44212.45392061725
2024-10-23,43541.64443212315
2024-10-24,44112.59740647209
2024-10-25,44269.84023201695
2024-10-28,44351.155027535206
2024-10-29,44699.91400741642
2024-10-30,44386.24620110784
2024-10-31,43285.11741837111
2024-11-01,43838.314053247595
2024-11-04,43725.68020833143
2024-11-05,44604.56254165142
2024-11-06,46409.24815718948
2024-11-07,47410.01405805941
2024-11-08,47690.891370451805
2024-11-11,48361.43518474248
2024-11-12,48343.3725571571
2024-11-13,48475.31921381797
2024-11-14,47997.41059394353
2024-11-15,46961.456580558464
2024-11-18,47270.278888685476
2024-11-19,47697.67390718501
2024-11-20,47847.996310279756
2024-11-21,48156.864501611686
2024-11-22,48561.66079714379
2024-11-25,48746.400403058375
2024-11-26,48985.17376635215
2024-11-27,48874.486794348304
2024-11-29,49210.15976333011
2024-12-02,49109.11693257623
2024-12-03,48792.611786532696
2024-12-04,49011.48270629934
2024-12-05,48918.18314396503
2024-12-06,49362.727509932585
2024-12-09,48866.21795400644
2024-12-10,48806.46360591027
2024-12-11,49229.741993855525
2024-12-12,48828.88361773725
2024-12-13,48582.912207215595
2024-12-16,49245.91236147627
2024-12-17,48975.45866965928
2024-12-18,46750.3503650744
2024-12-19,46727.12345019511
2024-12-20,47235.540528587015
2024-12-23,47308.686214865855
2024-12-24,47408.058903812955
2024-12-26,47424.53647466016
2024-12-27,46748.82546382555
2024-12-30,46781.12224487596
2024-12-31,46976.63676469547
2025-01-02,47338.31524513172
2025-01-03,48105.03879637874
2025-01-06,48219.63265020544
2025-01-07,47574.99326520971
2025-01-08,47640.56906608355
2025-01-10,47832.8186968661
2025-01-13,47974.82397644176
2025-01-14,47676.71256417053
2025-01-15,47614.872019350536
2025-01-16,47619.674278091974
2025-01-17,47793.367559200226
2025-01-21,47196.33782747944
2025-01-22,47273.39926088706
2025-01-23,47257.5359989399
2025-01-24,46977.382481155655
2025-01-27,47005.0099947851
2025-01-28,47202.04103417478
2025-01-29,47031.549853632656
2025-01-30,47538.03527115358
2025-01-31,47241.949586198294
2025-02-03,46742.82073737373
2025-02-04,47041.1875504147
2025-02-05,46992.03992039298
2025-02-06,47294.69829006918
2025-02-07,46621.26139826849
2025-02-10,46697.10598695788
2025-02-11,46445.886465188676
2025-02-12,46288.15604485049
2025-02-13,46942.51863014464
2025-02-14,46947.6011471675
2025-02-18,47009.702555532975
2025-02-19,47074.26665420094
2025-02-20,46645.70792977279
2025-02-21,46858.431769563256
2025-02-24,46907.233983079306
2025-02-25,46719.08738807858
2025-02-26,46838.56455334429
2025-02-27,47244.13298449263
2025-02-28,47525.377290933946
2025-03-03,47024.7051131905
2025-03-04,46537.45608316448
2025-03-05,45865.84755365482
2025-03-06,45835.72561539164
2025-03-07,45665.69446614976
2025-03-10,45745.66348388027
2025-03-11,45434.44032213503
2025-03-12,45545.82355597688
2025-03-13,45751.94810213623
2025-03-14,45676.88790031838
2025-03-17,45469.12893984406
2025-03-18,45434.97304099457
2025-03-19,45594.03774587937
2025-03-20,45754.17221360147
2025-03-21,45931.72656660126
2025-03-24,46009.96792096014
2025-03-25,45948.650405395114
2025-03-26,46256.83314379757
2025-03-27,46039.34795267736
2025-03-28,45978.35708690184
2025-03-31,46088.04555301494
2025-04-01,46210.38902462639
2025-04-02,45978.19480985457
2025-04-03,45457.39601234297
2025-04-04,45996.82818017706
2025-04-07,45981.01110382677
2025-04-08,45662.0013811745
2025-04-09,45653.52111607277
2025-04-10,44582.909915727854
2025-04-11,44031.53234170354
2025-04-14,44083.42830144936
2025-04-15,44377.39906171228
2025-04-16,44116.33479156464
2025-04-17,44109.177852169494
2025-04-21,43578.19409083724
2025-04-22,43843.056071705694
2025-04-23,44246.66794658089
2025-04-24,44178.753979651425
2025-04-25,44380.77143232267
2025-04-28,44212.733640260994
2025-04-29,44435.47199179969
2025-04-30,44470.08415285824
2025-05-01,44154.38204594972
2025-05-02,43689.89681085405
2025-05-05,43559.80537840598
2025-05-06,43731.17028973034
2025-05-07,43898.60671935166
2025-05-08,43379.753771195705
2025-05-09,43441.362035379454
2025-05-12,43016.04945923027
2025-05-13,42943.63543522465
2025-05-14,42698.981635571756
2025-05-15,43125.402430562404
2025-05-16,43152.11663958713
2025-05-19,43385.81831393858
2025-05-20,43522.78552024739
2025-05-21,42308.223226238086
2025-05-22,41689.3897302774
2025-05-23,42229.059630294185
2025-05-27,42872.14276861618
2025-05-28,42068.99003651363
2025-05-29,42513.09694573042
2025-05-30,43184.7292686168
2025-06-02,43515.73053348809
2025-06-03,44184.118487032676
2025-06-04,44343.51183420967
2025-06-05,43915.967505342036
2025-06-06,44731.525745301486
2025-06-09,44780.76419634648
2025-06-10,44998.06043546683
2025-06-11,44828.09068815724
2025-06-12,44876.4757343012
2025-06-13,43895.89972947601
2025-06-16,44865.70551281882
2025-06-17,44071.39413453504
2025-06-18,43982.68098052601
2025-06-20,43803.68642601186
2025-06-23,44810.77712939978
2025-06-24,45928.30928124346
2025-06-25,45759.598485748
2025-06-26,46660.765443100056
2025-06-27,47218.036824492745
2025-06-30,47767.53645581615
2025-07-01,47756.10849735412
2025-07-02,48034.309010942896
2025-07-03,48899.922502713176
2025-07-07,48147.1755014283
2025-07-08,47655.65972906411
2025-07-09,47871.16318158396
2025-07-10,49828.41484563367
2025-07-11,50407.50206548735
2025-07-14,50001.55781002376
2025-07-15,49427.94688016562
2025-07-16,49807.11447694705
2025-07-17,50885.87473057837
2025-07-18,51229.97141724686
2025-07-21,52119.189651694425
2025-07-22,52480.78122757729
2025-07-23,53559.35591143798
2025-07-24,52985.063833054686
2025-07-25,53607.24096006496
2025-07-28,53593.818068590175
2025-07-29,52964.15241240631
2025-07-30,52598.06362820138
2025-07-31,52318.41614047832
2025-08-01,50942.16548812674
2025-08-04,51957.00252480684
2025-08-05,51815.913563359725
2025-08-06,52185.12331259346
2025-08-07,52075.64339336184
2025-08-08,52339.046279019065
2025-08-11,52187.647093989726
2025-08-12,53210.17473306901
2025-08-13,53744.697555844235
2025-08-14,53279.28787491851
2025-08-15,52985.221780150045
2025-08-18,53190.077444292074
2025-08-19,53050.586692045144
2025-08-20,52837.945611911295
2025-08-21,52359.76425879757
2025-08-22,54406.89885007136
2025-08-25,53702.718363867265
2025-08-26,53973.83000546648
2025-08-27,54019.30797154285
2025-08-28,54102.028489367374
2025-08-29,54595.61883277781
2025-09-02,54474.86067457573
2025-09-03,54526.840704100694
2025-09-04,54600.504111896065
2025-09-05,55954.87472775491
2025-09-08,56236.39389093335
2025-09-09,55861.254344187815
2025-09-10,56868.66210001692
2025-09-11,57555.9766617014
2025-09-12,57298.52043398409
2025-09-15,59296.302900311886
2025-09-16,58981.21653509586
2025-09-17,58603.22476204819
2025-09-18,59258.73407949852
2025-09-19,60069.83453538717
2025-09-22,60736.43385105227
2025-09-23,61143.39924340234
2025-09-24,60509.78213194179
2025-09-25,61213.79022954367
2025-09-26,61690.216985914776
2025-09-29,62545.7045445077
2025-09-30,62606.55081206297
2025-10-01,62788.178877119106
2025-10-02,62839.84607322739
2025-10-03,62891.57992610575
2025-10-06,63573.71940038058
2025-10-07,63982.4688934441
2025-10-08,65958.50493346193
2025-10-09,65563.2652651771
2025-10-10,64433.90486851238
2025-10-13,67911.83413072326
2025-10-14,68336.64418556113
2025-10-15,68236.71167856408
2025-10-16,67890.01219675448
2025-10-17,66098.79585828859
2025-10-20,68500.25522909085
2025-10-21,65636.95210274798
2025-10-22,64698.58848504426
2025-10-23,65324.86620810213
2025-10-24,65643.96784874695
2025-10-27,64838.15145982055
2025-10-28,64922.30137947152
2025-10-29,64870.32110520048
2025-10-30,64400.42796981489
2025-10-31,64443.70957265214
2025-11-03,63950.134960394775
2025-11-04,62278.000812439546
2025-11-05,62644.88062611621
2025-11-06,62627.66867374226
2025-11-07,63432.36554773847
2025-11-10,64379.84801932248
2025-11-11,64106.25280408113
2025-11-12,64932.336032194835
2025-11-13,63600.70947377141
2025-11-14,63259.39276481976
2025-11-17,62586.45676440826
2025-11-18,62784.43403317237
2025-11-19,62976.331760772955
2025-11-20,61846.96695685063
2025-11-21,62344.47502861679
2025-11-24,63324.048104533664
2025-11-25,63727.538384953055
2025-11-26,64171.30869095518
2025-11-28,64515.35396581246
2025-12-01,64179.28518342013
2025-12-02,64221.1727042628
2025-12-03,65036.79015894809
2025-12-04,65333.32557535434
2025-12-05,65058.58351660824
2025-12-08,64598.47458720287
2025-12-09,64986.13088079689
2025-12-10,65291.30038300222
2025-12-11,66518.03803902784
2025-12-12,65857.39629902002
